Workbook

Sheet PAÑOL TÉCNICO
A1: F | B1: PAÑOL TÉCNICO
A3: Codigo Producto | B3: Descripción | C3: Entradas | D3: Salidas | E3: Stock Actual | F3: Observación | G3: N° Pañol
A4: P-1 | B4: Alicate | C4: =IFERROR(SUMIF(ENTRADAS!A:A,A4,ENTRADAS!C:C)) -> 3 | D4: =SUMIF(SALIDAS!A:A,A4,SALIDAS!C:C) -> 0 | E4: =C4-D4 -> 3 | F4: 2 kempes,1 aleman no devolvio
A5: P-2 | B5: Arnes con cola de mono | C5: =IFERROR(SUMIF(ENTRADAS!A:A,A5,ENTRADAS!C:C)) -> 40 | D5: =SUMIF(SALIDAS!A:A,A5,SALIDAS!C:C) -> 0 | E5: =C5-D5 -> 40 | F5: 15 kempes, 3 fausto,14 depo
A6: P-3 | B6: Arnes sin cola de mono | C6: =IFERROR(SUMIF(ENTRADAS!A:A,A6,ENTRADAS!C:C)) -> 12 | D6: =SUMIF(SALIDAS!A:A,A6,SALIDAS!C:C) -> 0 | E6: =C6-D6 -> 12 | F6: 0
A7: P-4 | B7: Anteojo dual transparente Libus | C7: =IFERROR(SUMIF(ENTRADAS!A:A,A7,ENTRADAS!C:C)) -> 4 | D7: =SUMIF(SALIDAS!A:A,A7,SALIDAS!C:C) -> 1 | E7: =C7-D7 -> 3 | F7: 1
A8: P-5 | B8: Anteojo de protección | C8: =IFERROR(SUMIF(ENTRADAS!A:A,A8,ENTRADAS!C:C)) -> 7 | D8: =SUMIF(SALIDAS!A:A,A8,SALIDAS!C:C) -> 0 | E8: =C8-D8 -> 7 | F8: 63
A9: P-6 | B9: Atornilladora inalámbrica DeWalt (amarilla) | C9: =IFERROR(SUMIF(ENTRADAS!A:A,A9,ENTRADAS!C:C)) -> 5 | D9: =SUMIF(SALIDAS!A:A,A9,SALIDAS!C:C) -> 0 | E9: =C9-D9 -> 5 | F9: 2 depo, 2 kempes,1 fausto
A10: P-7 | B10: Atornilladora inalámbrica Hamilton (naranja) | C10: =IFERROR(SUMIF(ENTRADAS!A:A,A10,ENTRADAS!C:C)) -> 1 | D10: =SUMIF(SALIDAS!A:A,A10,SALIDAS!C:C) -> 0 | E10: =C10-D10 -> 1 | F10: 1
A11: P-8 | B11: Abrazadera p/tubo | C11: =IFERROR(SUMIF(ENTRADAS!A:A,A11,ENTRADAS!C:C)) -> 3 | D11: =SUMIF(SALIDAS!A:A,A11,SALIDAS!C:C) -> 0 | E11: =C11-D11 -> 3 | F11: 3
A12: P-9 | B12: Adaptador | C12: =IFERROR(SUMIF(ENTRADAS!A:A,A12,ENTRADAS!C:C)) -> 2 | D12: =SUMIF(SALIDAS!A:A,A12,SALIDAS!C:C) -> 0 | E12: =C12-D12 -> 2 | F12: 0
A13: P-10 | B13: Angulo para estantería | C13: =IFERROR(SUMIF(ENTRADAS!A:A,A13,ENTRADAS!C:C)) -> 6 | D13: =SUMIF(SALIDAS!A:A,A13,SALIDAS!C:C) -> 0 | E13: =C13-D13 -> 6 | F13: 6
A14: P-11 | B14: Arandela | C14: =IFERROR(SUMIF(ENTRADAS!A:A,A14,ENTRADAS!C:C)) -> 530 | D14: =SUMIF(SALIDAS!A:A,A14,SALIDAS!C:C) -> 0 | E14: =C14-D14 -> 530
A15: P-12 | B15: Arandela grande | C15: =IFERROR(SUMIF(ENTRADAS!A:A,A15,ENTRADAS!C:C)) -> 206 | D15: =SUMIF(SALIDAS!A:A,A15,SALIDAS!C:C) -> 0 | E15: =C15-D15 -> 206
A16: P-13 | B16: Aspiradora pequeña | C16: =IFERROR(SUMIF(ENTRADAS!A:A,A16,ENTRADAS!C:C)) -> 1 | D16: =SUMIF(SALIDAS!A:A,A16,SALIDAS!C:C) -> 0 | E16: =C16-D16 -> 1 | F16: 1
A17: P-14 | B17: Bandera argentina | C17: =IFERROR(SUMIF(ENTRADAS!A:A,A17,ENTRADAS!C:C)) -> 18 | D17: =SUMIF(SALIDAS!A:A,A17,SALIDAS!C:C) -> 0 | E17: =C17-D17 -> 18
A18: P-15 | B18: Bidon vacío cortado | C18: =IFERROR(SUMIF(ENTRADAS!A:A,A18,ENTRADAS!C:C)) -> 3 | D18: =SUMIF(SALIDAS!A:A,A18,SALIDAS!C:C) -> 0 | E18: =C18-D18 -> 3 | F18: 1
A19: P-16 | B19: Batería ultimate 12V 1.5 AMP Hamilton (Máquina chica) | C19: =IFERROR(SUMIF(ENTRADAS!A:A,A19,ENTRADAS!C:C)) -> 1 | D19: =SUMIF(SALIDAS!A:A,A19,SALIDAS!C:C) -> 0 | E19: =C19-D19 -> 1 | F19: 2
A20: P-17 | B20: Bidon vacío sin cortar | C20: =IFERROR(SUMIF(ENTRADAS!A:A,A20,ENTRADAS!C:C)) -> 7 | D20: =SUMIF(SALIDAS!A:A,A20,SALIDAS!C:C) -> 0 | E20: =C20-D20 -> 7 | F20: 7
A21: P-18 | B21: Bolsa de tornillos autoperforante punta fisher 8x12" x 400u | C21: =IFERROR(SUMIF(ENTRADAS!A:A,A21,ENTRADAS!C:C)) -> 2 | D21: =SUMIF(SALIDAS!A:A,A21,SALIDAS!C:C) -> 0 | E21: =C21-D21 -> 2
A22: P-19 | B22: Bolsa de tornillos autoperforante punta fisher x 250u | C22: =IFERROR(SUMIF(ENTRADAS!A:A,A22,ENTRADAS!C:C)) -> 3 | D22: =SUMIF(SALIDAS!A:A,A22,SALIDAS!C:C) -> 0 | E22: =C22-D22 -> 3
A23: P-20 | B23: Bomba centrífuga | C23: =IFERROR(SUMIF(ENTRADAS!A:A,A23,ENTRADAS!C:C)) -> 1 | D23: =SUMIF(SALIDAS!A:A,A23,SALIDAS!C:C) -> 0 | E23: =C23-D23 -> 1
A24: P-21 | B24: Par de botas de lluvia | C24: =IFERROR(SUMIF(ENTRADAS!A:A,A24,ENTRADAS!C:C)) -> 11 | D24: =SUMIF(SALIDAS!A:A,A24,SALIDAS!C:C) -> 0 | E24: =C24-D24 -> 11 | F24: 11
A25: P-22 | B25: Bulón de techo | C25: =IFERROR(SUMIF(ENTRADAS!A:A,A25,ENTRADAS!C:C)) -> 61 | D25: =SUMIF(SALIDAS!A:A,A25,SALIDAS!C:C) -> 0 | E25: =C25-D25 -> 61
A26: P-23 | B26: Bulones de techo de tramo | C26: =IFERROR(SUMIF(ENTRADAS!A:A,A26,ENTRADAS!C:C)) -> 275 | D26: =SUMIF(SALIDAS!A:A,A26,SALIDAS!C:C) -> 0 | E26: =C26-D26 -> 275
A27: P-24 | B27: Bulones de techo de tramo pequeños | C27: =IFERROR(SUMIF(ENTRADAS!A:A,A27,ENTRADAS!C:C)) -> 101 | D27: =SUMIF(SALIDAS!A:A,A27,SALIDAS!C:C) -> 0 | E27: =C27-D27 -> 101
A28: P-25 | B28: Bulón grande de unión para techo | C28: =IFERROR(SUMIF(ENTRADAS!A:A,A28,ENTRADAS!C:C)) -> 2 | D28: =SUMIF(SALIDAS!A:A,A28,SALIDAS!C:C) -> 0 | E28: =C28-D28 -> 2
A29: P-26 | B29: Bulón de unión para techo | C29: =IFERROR(SUMIF(ENTRADAS!A:A,A29,ENTRADAS!C:C)) -> 71 | D29: =SUMIF(SALIDAS!A:A,A29,SALIDAS!C:C) -> 0 | E29: =C29-D29 -> 71
A30: P-27 | B30: Cable puente para batería reforzado (Taos) | C30: =IFERROR(SUMIF(ENTRADAS!A:A,A30,ENTRADAS!C:C)) -> 4 | D30: =SUMIF(SALIDAS!A:A,A30,SALIDAS!C:C) -> 0 | E30: =C30-D30 -> 4 | F30: 3 Y 1 TALLER MEC
A31: P-28 | B31: Chaleco refractario | C31: =IFERROR(SUMIF(ENTRADAS!A:A,A31,ENTRADAS!C:C)) -> 13 | D31: =SUMIF(SALIDAS!A:A,A31,SALIDAS!C:C) -> 0 | E31: =C31-D31 -> 13 | F31: 13 kempes
A32: P-29 | B32: Cable acerado | C32: =IFERROR(SUMIF(ENTRADAS!A:A,A32,ENTRADAS!C:C)) -> 1 | D32: =SUMIF(SALIDAS!A:A,A32,SALIDAS!C:C) -> 0 | E32: =C32-D32 -> 1
A33: P-30 | B33: Cargador de batería ultimate 12v Hamilton (Máquina chica) | C33: =IFERROR(SUMIF(ENTRADAS!A:A,A33,ENTRADAS!C:C)) -> 1 | D33: =SUMIF(SALIDAS!A:A,A33,SALIDAS!C:C) -> 0 | E33: =C33-D33 -> 1 | F33: 1
A34: P-31 | B34: Cadena | C34: =IFERROR(SUMIF(ENTRADAS!A:A,A34,ENTRADAS!C:C)) -> 8 | D34: =SUMIF(SALIDAS!A:A,A34,SALIDAS!C:C) -> 0 | E34: =C34-D34 -> 8
A35: P-32 | B35: Cinta métrica 50mts (fibra de vidrio) | C35: =IFERROR(SUMIF(ENTRADAS!A:A,A35,ENTRADAS!C:C)) -> 3 | D35: =SUMIF(SALIDAS!A:A,A35,SALIDAS!C:C) -> 0 | E35: =C35-D35 -> 3 | F35: 4
A36: P-33 | B36: Caja de herrramientas para autolevador | C36: =IFERROR(SUMIF(ENTRADAS!A:A,A36,ENTRADAS!C:C)) -> 3 | D36: =SUMIF(SALIDAS!A:A,A36,SALIDAS!C:C) -> 0 | E36: =C36-D36 -> 3
A37: P-34 | B37: Casco de Altura | C37: =IFERROR(SUMIF(ENTRADAS!A:A,A37,ENTRADAS!C:C)) -> 36 | D37: =SUMIF(SALIDAS!A:A,A37,SALIDAS!C:C) -> 0 | E37: =C37-D37 -> 36 | F37: 20 DEPO,3 FAUS,20 KEMPES
A38: P-35 | B38: Casco de Obra/Piso | C38: =IFERROR(SUMIF(ENTRADAS!A:A,A38,ENTRADAS!C:C)) -> 49 | D38: =SUMIF(SALIDAS!A:A,A38,SALIDAS!C:C) -> 0 | E38: =C38-D38 -> 49
A39: P-36 | B39: Curva de techo de layher | C39: =IFERROR(SUMIF(ENTRADAS!A:A,A39,ENTRADAS!C:C)) -> 6 | D39: =SUMIF(SALIDAS!A:A,A39,SALIDAS!C:C) -> 0 | E39: =C39-D39 -> 6
A40: P-37 | B40: Cono naranja | C40: =IFERROR(SUMIF(ENTRADAS!A:A,A40,ENTRADAS!C:C)) -> 2 | D40: =SUMIF(SALIDAS!A:A,A40,SALIDAS!C:C) -> 0 | E40: =C40-D40 -> 2
A41: P-38 | B41: Cinta larga | C41: =IFERROR(SUMIF(ENTRADAS!A:A,A41,ENTRADAS!C:C)) -> 2 | D41: =SUMIF(SALIDAS!A:A,A41,SALIDAS!C:C) -> 0 | E41: =C41-D41 -> 2
A42: P-39 | B42: Cajón vacío | C42: =IFERROR(SUMIF(ENTRADAS!A:A,A42,ENTRADAS!C:C)) -> 0 | D42: =SUMIF(SALIDAS!A:A,A42,SALIDAS!C:C) -> 0 | E42: =C42-D42 -> 0 | F42: 1
A43: P-40 | B43: Caladora | C43: =IFERROR(SUMIF(ENTRADAS!A:A,A43,ENTRADAS!C:C)) -> 1 | D43: =SUMIF(SALIDAS!A:A,A43,SALIDAS!C:C) -> 0 | E43: =C43-D43 -> 1
A44: P-41 | B44: Capa de lluvia (usada) | C44: =IFERROR(SUMIF(ENTRADAS!A:A,A44,ENTRADAS!C:C)) -> 0 | D44: =SUMIF(SALIDAS!A:A,A44,SALIDAS!C:C) -> 0 | E44: =C44-D44 -> 0 | F44: 13 KEMPES,12 DEPO
A45: P-42 | B45: Capa de lluvia (nuevas) | C45: =IFERROR(SUMIF(ENTRADAS!A:A,A45,ENTRADAS!C:C)) -> 13 | D45: =SUMIF(SALIDAS!A:A,A45,SALIDAS!C:C) -> 0 | E45: =C45-D45 -> 13
A46: P-43 | B46: Cutter | C46: =IFERROR(SUMIF(ENTRADAS!A:A,A46,ENTRADAS!C:C)) -> 5 | D46: =SUMIF(SALIDAS!A:A,A46,SALIDAS!C:C) -> 0 | E46: =C46-D46 -> 5 | F46: 7
A47: P-44 | B47: Central de alarma AT3000 | C47: =IFERROR(SUMIF(ENTRADAS!A:A,A47,ENTRADAS!C:C)) -> 1 | D47: =SUMIF(SALIDAS!A:A,A47,SALIDAS!C:C) -> 0 | E47: =C47-D47 -> 1
A48: P-45 | B48: Cinta métrica de 8 mts | C48: =IFERROR(SUMIF(ENTRADAS!A:A,A48,ENTRADAS!C:C)) -> 6 | D48: =SUMIF(SALIDAS!A:A,A48,SALIDAS!C:C) -> 1 | E48: =C48-D48 -> 5
A49: P-46 | B49: Caja de herramientas | C49: =IFERROR(SUMIF(ENTRADAS!A:A,A49,ENTRADAS!C:C)) -> 2 | D49: =SUMIF(SALIDAS!A:A,A49,SALIDAS!C:C) -> 0 | E49: =C49-D49 -> 2 | F49: 2 KEMPES
A50: P-47 | B50: Criquet | C50: =IFERROR(SUMIF(ENTRADAS!A:A,A50,ENTRADAS!C:C)) -> 5 | D50: =SUMIF(SALIDAS!A:A,A50,SALIDAS!C:C) -> 0 | E50: =C50-D50 -> 5 | F50: 6
A51: P-48 | B51: Clavija | C51: =IFERROR(SUMIF(ENTRADAS!A:A,A51,ENTRADAS!C:C)) -> 7 | D51: =SUMIF(SALIDAS!A:A,A51,SALIDAS!C:C) -> 0 | E51: =C51-D51 -> 7
A52: P-49 | B52: Colita de chancho | C52: =IFERROR(SUMIF(ENTRADAS!A:A,A52,ENTRADAS!C:C)) -> 183 | D52: =SUMIF(SALIDAS!A:A,A52,SALIDAS!C:C) -> 0 | E52: =C52-D52 -> 183
A53: P-50 | B53: Cerradura | C53: =IFERROR(SUMIF(ENTRADAS!A:A,A53,ENTRADAS!C:C)) -> 1 | D53: =SUMIF(SALIDAS!A:A,A53,SALIDAS!C:C) -> 0 | E53: =C53-D53 -> 1
A54: P-51 | B54: Caja de tornillos philip 10x2" x 500 u | C54: =IFERROR(SUMIF(ENTRADAS!A:A,A54,ENTRADAS!C:C)) -> 4 | D54: =SUMIF(SALIDAS!A:A,A54,SALIDAS!C:C) -> 0 | E54: =C54-D54 -> 4
A55: P-52 | B55: Cola de Mono | C55: =IFERROR(SUMIF(ENTRADAS!A:A,A55,ENTRADAS!C:C)) -> 1 | D55: =SUMIF(SALIDAS!A:A,A55,SALIDAS!C:C) -> 0 | E55: =C55-D55 -> 1
A56: P-53 | B56: Caja de 10000 u tornillos negros | C56: =IFERROR(SUMIF(ENTRADAS!A:A,A56,ENTRADAS!C:C)) -> 3 | D56: =SUMIF(SALIDAS!A:A,A56,SALIDAS!C:C) -> 0 | E56: =C56-D56 -> 3 | F56: 2
A57: P-54 | B57: Disco para cocina | C57: =IFERROR(SUMIF(ENTRADAS!A:A,A57,ENTRADAS!C:C)) -> 1 | D57: =SUMIF(SALIDAS!A:A,A57,SALIDAS!C:C) -> 0 | E57: =C57-D57 -> 1
A58: P-55 | B58: Destornillador philip | C58: =IFERROR(SUMIF(ENTRADAS!A:A,A58,ENTRADAS!C:C)) -> 3 | D58: =SUMIF(SALIDAS!A:A,A58,SALIDAS!C:C) -> 0 | E58: =C58-D58 -> 3 | F58: 4
A59: P-56 | B59: Destornillador plano | C59: =IFERROR(SUMIF(ENTRADAS!A:A,A59,ENTRADAS!C:C)) -> 3 | D59: =SUMIF(SALIDAS!A:A,A59,SALIDAS!C:C) -> 0 | E59: =C59-D59 -> 3 | F59: 4
A60: P-57 | B60: Escalera 4/5 peldaños | C60: =IFERROR(SUMIF(ENTRADAS!A:A,A60,ENTRADAS!C:C)) -> 1 | D60: =SUMIF(SALIDAS!A:A,A60,SALIDAS!C:C) -> 0 | E60: =C60-D60 -> 1
A61: P-58 | B61: Enganche carro | C61: =IFERROR(SUMIF(ENTRADAS!A:A,A61,ENTRADAS!C:C)) -> 5 | D61: =SUMIF(SALIDAS!A:A,A61,SALIDAS!C:C) -> 0 | E61: =C61-D61 -> 5
A62: P-59 | B62: Engrampadora | C62: =IFERROR(SUMIF(ENTRADAS!A:A,A62,ENTRADAS!C:C)) -> 4 | D62: =SUMIF(SALIDAS!A:A,A62,SALIDAS!C:C) -> 0 | E62: =C62-D62 -> 4 | F62: 1 rota
A63: P-60 | B63: Espatula | C63: =IFERROR(SUMIF(ENTRADAS!A:A,A63,ENTRADAS!C:C)) -> 4 | D63: =SUMIF(SALIDAS!A:A,A63,SALIDAS!C:C) -> 0 | E63: =C63-D63 -> 4
A64: P-61 | B64: Enganche tipo bocha | C64: =IFERROR(SUMIF(ENTRADAS!A:A,A64,ENTRADAS!C:C)) -> 2 | D64: =SUMIF(SALIDAS!A:A,A64,SALIDAS!C:C) -> 0 | E64: =C64-D64 -> 2
A65: P-62 | B65: Escalon de escenario | C65: =IFERROR(SUMIF(ENTRADAS!A:A,A65,ENTRADAS!C:C)) -> 3 | D65: =SUMIF(SALIDAS!A:A,A65,SALIDAS!C:C) -> 0 | E65: =C65-D65 -> 3
A66: P-63 | B66: Flota flota | C66: =IFERROR(SUMIF(ENTRADAS!A:A,A66,ENTRADAS!C:C)) -> 4 | D66: =SUMIF(SALIDAS!A:A,A66,SALIDAS!C:C) -> 0 | E66: =C66-D66 -> 4
A67: P-64 | B67: Funda azul | C67: =IFERROR(SUMIF(ENTRADAS!A:A,A67,ENTRADAS!C:C)) -> 1 | D67: =SUMIF(SALIDAS!A:A,A67,SALIDAS!C:C) -> 0 | E67: =C67-D67 -> 1
A68: P-65 | B68: Guía de techo | C68: =IFERROR(SUMIF(ENTRADAS!A:A,A68,ENTRADAS!C:C)) -> 1 | D68: =SUMIF(SALIDAS!A:A,A68,SALIDAS!C:C) -> 0 | E68: =C68-D68 -> 1
A69: P-66 | B69: Grillete spanser | C69: =IFERROR(SUMIF(ENTRADAS!A:A,A69,ENTRADAS!C:C)) -> 36 | D69: =SUMIF(SALIDAS!A:A,A69,SALIDAS!C:C) -> 0 | E69: =C69-D69 -> 36
A70: P-67 | B70: Gancho para rachet | C70: =IFERROR(SUMIF(ENTRADAS!A:A,A70,ENTRADAS!C:C)) -> 26 | D70: =SUMIF(SALIDAS!A:A,A70,SALIDAS!C:C) -> 0 | E70: =C70-D70 -> 26
A71: P-68 | B71: Goma para guía de techo | C71: =IFERROR(SUMIF(ENTRADAS!A:A,A71,ENTRADAS!C:C)) -> 6 | D71: =SUMIF(SALIDAS!A:A,A71,SALIDAS!C:C) -> 0 | E71: =C71-D71 -> 6
A72: P-69 | B72: Gancho completo para auto | C72: =IFERROR(SUMIF(ENTRADAS!A:A,A72,ENTRADAS!C:C)) -> 2 | D72: =SUMIF(SALIDAS!A:A,A72,SALIDAS!C:C) -> 0 | E72: =C72-D72 -> 2
A73: P-70 | B73: Grasera chica | C73: =IFERROR(SUMIF(ENTRADAS!A:A,A73,ENTRADAS!C:C)) -> 1 | D73: =SUMIF(SALIDAS!A:A,A73,SALIDAS!C:C) -> 0 | E73: =C73-D73 -> 1 | F73: TALLER
A74: P-71 | B74: Gazebo completo | C74: =IFERROR(SUMIF(ENTRADAS!A:A,A74,ENTRADAS!C:C)) -> 2 | D74: =SUMIF(SALIDAS!A:A,A74,SALIDAS!C:C) -> 0 | E74: =C74-D74 -> 2
A75: P-72 | B75: Hornito portable gas | C75: =IFERROR(SUMIF(ENTRADAS!A:A,A75,ENTRADAS!C:C)) -> 0 | D75: =SUMIF(SALIDAS!A:A,A75,SALIDAS!C:C) -> 0 | E75: =C75-D75 -> 0
A76: P-73 | B76: Jabalina | C76: =IFERROR(SUMIF(ENTRADAS!A:A,A76,ENTRADAS!C:C)) -> 44 | D76: =SUMIF(SALIDAS!A:A,A76,SALIDAS!C:C) -> 0 | E76: =C76-D76 -> 44
A77: P-74 | B77: Llave de 1-1/8 | C77: =IFERROR(SUMIF(ENTRADAS!A:A,A77,ENTRADAS!C:C)) -> 1 | D77: =SUMIF(SALIDAS!A:A,A77,SALIDAS!C:C) -> 0 | E77: =C77-D77 -> 1
A78: P-75 | B78: Llave de 22 | C78: =IFERROR(SUMIF(ENTRADAS!A:A,A78,ENTRADAS!C:C)) -> 9 | D78: =SUMIF(SALIDAS!A:A,A78,SALIDAS!C:C) -> 0 | E78: =C78-D78 -> 9
A79: P-76 | B79: Llave de 19 | C79: =IFERROR(SUMIF(ENTRADAS!A:A,A79,ENTRADAS!C:C)) -> 6 | D79: =SUMIF(SALIDAS!A:A,A79,SALIDAS!C:C) -> 0 | E79: =C79-D79 -> 6
A80: P-77 | B80: Llave de 14 | C80: =IFERROR(SUMIF(ENTRADAS!A:A,A80,ENTRADAS!C:C)) -> 9 | D80: =SUMIF(SALIDAS!A:A,A80,SALIDAS!C:C) -> 0 | E80: =C80-D80 -> 9
A81: P-78 | B81: Llave de 13 | C81: =IFERROR(SUMIF(ENTRADAS!A:A,A81,ENTRADAS!C:C)) -> 11 | D81: =SUMIF(SALIDAS!A:A,A81,SALIDAS!C:C) -> 0 | E81: =C81-D81 -> 11
A82: P-79 | B82: Llave de 23 | C82: =IFERROR(SUMIF(ENTRADAS!A:A,A82,ENTRADAS!C:C)) -> 1 | D82: =SUMIF(SALIDAS!A:A,A82,SALIDAS!C:C) -> 0 | E82: =C82-D82 -> 1
A83: P-80 | B83: Llave de 7 | C83: =IFERROR(SUMIF(ENTRADAS!A:A,A83,ENTRADAS!C:C)) -> 1 | D83: =SUMIF(SALIDAS!A:A,A83,SALIDAS!C:C) -> 0 | E83: =C83-D83 -> 1
A84: P-81 | B84: Llave de 17 | C84: =IFERROR(SUMIF(ENTRADAS!A:A,A84,ENTRADAS!C:C)) -> 1 | D84: =SUMIF(SALIDAS!A:A,A84,SALIDAS!C:C) -> 0 | E84: =C84-D84 -> 1
A85: P-82 | B85: Llave inglesa | C85: =IFERROR(SUMIF(ENTRADAS!A:A,A85,ENTRADAS!C:C)) -> 1 | D85: =SUMIF(SALIDAS!A:A,A85,SALIDAS!C:C) -> 0 | E85: =C85-D85 -> 1
... A123: P-120 | B123: Nivel de mano grande | C123: =IFERROR(SUMIF(ENTRADAS!A:A,A123,ENTRADAS!C:C)) -> 1 | D123: =SUMIF(SALIDAS!A:A,A123,SALIDAS!C:C) -> 0 | E123: =C123-D123 -> 1
A124: P-121 | B124: Nudo con pin | C124: =IFERROR(SUMIF(ENTRADAS!A:A,A124,ENTRADAS!C:C)) -> 15 | D124: =SUMIF(SALIDAS!A:A,A124,SALIDAS!C:C) -> 0 | E124: =C124-D124 -> 15 | F124: AMBIL GALPON
A125: P-122 | B125: Odometro | C125: =IFERROR(SUMIF(ENTRADAS!A:A,A125,ENTRADAS!C:C)) -> 2 | D125: =SUMIF(SALIDAS!A:A,A125,SALIDAS!C:C) -> 0 | E125: =C125-D125 -> 2
A126: P-123 | B126: Pistola caliente de silicona | C126: =IFERROR(SUMIF(ENTRADAS!A:A,A126,ENTRADAS!C:C)) -> 1 | D126: =SUMIF(SALIDAS!A:A,A126,SALIDAS!C:C) -> 0 | E126: =C126-D126 -> 1
A127: P-124 | B127: Puntera philip | C127: =IFERROR(SUMIF(ENTRADAS!A:A,A127,ENTRADAS!C:C)) -> 27 | D127: =SUMIF(SALIDAS!A:A,A127,SALIDAS!C:C) -> 0 | E127: =C127-D127 -> 27
A128: P-125 | B128: Pistola p/pintura profesional (Crossgrob) | C128: =IFERROR(SUMIF(ENTRADAS!A:A,A128,ENTRADAS!C:C)) -> 2 | D128: =SUMIF(SALIDAS!A:A,A128,SALIDAS!C:C) -> 0 | E128: =C128-D128 -> 2 | F128: 1 DEPO,1 HERRERIA
A129: P-126 | B129: Pistola p/pintura (en uso) | C129: =IFERROR(SUMIF(ENTRADAS!A:A,A129,ENTRADAS!C:C)) -> 1 | D129: =SUMIF(SALIDAS!A:A,A129,SALIDAS!C:C) -> 0 | E129: =C129-D129 -> 1
A130: P-127 | B130: Pistola p/pintura (sin funcionar) | C130: =IFERROR(SUMIF(ENTRADAS!A:A,A130,ENTRADAS!C:C)) -> 2 | D130: =SUMIF(SALIDAS!A:A,A130,SALIDAS!C:C) -> 0 | E130: =C130-D130 -> 2
A131: P-128 | B131: Pinza | C131: =IFERROR(SUMIF(ENTRADAS!A:A,A131,ENTRADAS!C:C)) -> 5 | D131: =SUMIF(SALIDAS!A:A,A131,SALIDAS!C:C) -> 0 | E131: =C131-D131 -> 5
A132: P-129 | B132: Prolongación 20mts | C132: =IFERROR(SUMIF(ENTRADAS!A:A,A132,ENTRADAS!C:C)) -> 2 | D132: =SUMIF(SALIDAS!A:A,A132,SALIDAS!C:C) -> 0 | E132: =C132-D132 -> 2
A133: P-130 | B133: Prolongación 14/15mts | C133: =IFERROR(SUMIF(ENTRADAS!A:A,A133,ENTRADAS!C:C)) -> 0 | D133: =SUMIF(SALIDAS!A:A,A133,SALIDAS!C:C) -> 0 | E133: =C133-D133 -> 0
A134: P-131 | B134: Prolongación 10mts | C134: =IFERROR(SUMIF(ENTRADAS!A:A,A134,ENTRADAS!C:C)) -> 0 | D134: =SUMIF(SALIDAS!A:A,A134,SALIDAS!C:C) -> 0 | E134: =C134-D134 -> 0
A135: P-132 | B135: Prolongación 5mts (Del generador) | C135: =IFERROR(SUMIF(ENTRADAS!A:A,A135,ENTRADAS!C:C)) -> 1 | D135: =SUMIF(SALIDAS!A:A,A135,SALIDAS!C:C) -> 0 | E135: =C135-D135 -> 1
A136: P-133 | B136: Pistola infladora | C136: =IFERROR(SUMIF(ENTRADAS!A:A,A136,ENTRADAS!C:C)) -> 1 | D136: =SUMIF(SALIDAS!A:A,A136,SALIDAS!C:C) -> 0 | E136: =C136-D136 -> 1 | F136: TALLER
A137: P-134 | B137: Pala de punta | C137: =IFERROR(SUMIF(ENTRADAS!A:A,A137,ENTRADAS!C:C)) -> 2 | D137: =SUMIF(SALIDAS!A:A,A137,SALIDAS!C:C) -> 0 | E137: =C137-D137 -> 2
A138: P-135 | B138: Pico | C138: =IFERROR(SUMIF(ENTRADAS!A:A,A138,ENTRADAS!C:C)) -> 2 | D138: =SUMIF(SALIDAS!A:A,A138,SALIDAS!C:C) -> 0 | E138: =C138-D138 -> 2
...

Sheet ENTRADAS
A1: Z | B1: ENTRADAS
A3: Código | B3: Descripción | C3: Cantidad | D3: Observación | E3: N° Pañol
A4: P-1 | B4: =IFERROR(VLOOKUP(A4,'PAÑOL TÉCNICO'!A4:B1000,2,0)) -> Alicate | C4: 3
A5: P-2 | B5: =IFERROR(VLOOKUP(A5,'PAÑOL TÉCNICO'!A5:B1000,2,0)) -> Arnes con cola de mono | C5: 40
A6: P-3 | B6: =IFERROR(VLOOKUP(A6,'PAÑOL TÉCNICO'!A6:B1000,2,0)) -> Arnes sin cola de mono | C6: 12
A7: P-4 | B7: =IFERROR(VLOOKUP(A7,'PAÑOL TÉCNICO'!A7:B1000,2,0)) -> Anteojo dual transparente Libus | C7: 4
A8: P-5 | B8: =IFERROR(VLOOKUP(A8,'PAÑOL TÉCNICO'!A8:B1000,2,0)) -> Anteojo de protección | C8: 7
A9: P-6 | B9: =IFERROR(VLOOKUP(A9,'PAÑOL TÉCNICO'!A9:B1000,2,0)) -> Atornilladora inalámbrica DeWalt (amarilla) | C9: 5
A10: P-7 | B10: =IFERROR(VLOOKUP(A10,'PAÑOL TÉCNICO'!A10:B1000,2,0)) -> Atornilladora inalámbrica Hamilton (naranja) | C10: 1
A11: P-8 | B11: =IFERROR(VLOOKUP(A11,'PAÑOL TÉCNICO'!A11:B1000,2,0)) -> Abrazadera p/tubo | C11: 3
A12: P-9 | B12: =IFERROR(VLOOKUP(A12,'PAÑOL TÉCNICO'!A12:B1000,2,0)) -> Adaptador | C12: 2
A13: P-10 | B13: =IFERROR(VLOOKUP(A13,'PAÑOL TÉCNICO'!A13:B1000,2,0)) -> Angulo para estantería | C13: 6
A14: P-11 | B14: =IFERROR(VLOOKUP(A14,'PAÑOL TÉCNICO'!A14:B1000,2,0)) -> Arandela | C14: 530
A15: P-12 | B15: =IFERROR(VLOOKUP(A15,'PAÑOL TÉCNICO'!A15:B1000,2,0)) -> Arandela grande | C15: 206
A16: P-13 | B16: =IFERROR(VLOOKUP(A16,'PAÑOL TÉCNICO'!A16:B1000,2,0)) -> Aspiradora pequeña | C16: 1
A17: P-14 | B17: =IFERROR(VLOOKUP(A17,'PAÑOL TÉCNICO'!A17:B1000,2,0)) -> Bandera argentina | C17: 18
A18: P-15 | B18: =IFERROR(VLOOKUP(A18,'PAÑOL TÉCNICO'!A18:B1000,2,0)) -> Bidon vacío cortado | C18: 3
A19: P-16 | B19: =IFERROR(VLOOKUP(A19,'PAÑOL TÉCNICO'!A19:B1000,2,0)) -> Batería ultimate 12V 1.5 AMP Hamilton (Máquina chica) | C19: 1
A20: P-17 | B20: =IFERROR(VLOOKUP(A20,'PAÑOL TÉCNICO'!A20:B1000,2,0)) -> Bidon vacío sin cortar | C20: 7
A21: P-18 | B21: =IFERROR(VLOOKUP(A21,'PAÑOL TÉCNICO'!A21:B1000,2,0)) -> Bolsa de tornillos autoperforante punta fisher 8x12" x 400u | C21: 2
A22: P-19 | B22: =IFERROR(VLOOKUP(A22,'PAÑOL TÉCNICO'!A22:B1000,2,0)) -> Bolsa de tornillos autoperforante punta fisher x 250u | C22: 3
A23: P-20 | B23: =IFERROR(VLOOKUP(A23,'PAÑOL TÉCNICO'!A23:B1000,2,0)) -> Bomba centrífuga | C23: 1
A24: P-21 | B24: =IFERROR(VLOOKUP(A24,'PAÑOL TÉCNICO'!A24:B1000,2,0)) -> Par de botas de lluvia | C24: 11
A25: P-22 | B25: =IFERROR(VLOOKUP(A25,'PAÑOL TÉCNICO'!A25:B1000,2,0)) -> Bulón de techo | C25: 61
A26: P-23 | B26: =IFERROR(VLOOKUP(A26,'PAÑOL TÉCNICO'!A26:B1000,2,0)) -> Bulones de techo de tramo | C26: 275
A27: P-24 | B27: =IFERROR(VLOOKUP(A27,'PAÑOL TÉCNICO'!A27:B1000,2,0)) -> Bulones de techo de tramo pequeños | C27: 101
A28: P-25 | B28: =IFERROR(VLOOKUP(A28,'PAÑOL TÉCNICO'!A28:B1000,2,0)) -> Bulón grande de unión para techo | C28: 2
A29: P-26 | B29: =IFERROR(VLOOKUP(A29,'PAÑOL TÉCNICO'!A29:B1000,2,0)) -> Bulón de unión para techo | C29: 71
A30: P-27 | B30: =IFERROR(VLOOKUP(A30,'PAÑOL TÉCNICO'!A30:B1000,2,0)) -> Cable puente para batería reforzado (Taos) | C30: 4
A31: P-28 | B31: =IFERROR(VLOOKUP(A31,'PAÑOL TÉCNICO'!A31:B1000,2,0)) -> Chaleco refractario | C31: 13
A32: P-29 | B32: =IFERROR(VLOOKUP(A32,'PAÑOL TÉCNICO'!A32:B1000,2,0)) -> Cable acerado | C32: 1
A33: P-30 | B33: =IFERROR(VLOOKUP(A33,'PAÑOL TÉCNICO'!A33:B1000,2,0)) -> Cargador de batería ultimate 12v Hamilton (Máquina chica) | C33: 1
A34: P-31 | B34: =IFERROR(VLOOKUP(A34,'PAÑOL TÉCNICO'!A34:B1000,2,0)) -> Cadena | C34: 8
A35: P-32 | B35: =IFERROR(VLOOKUP(A35,'PAÑOL TÉCNICO'!A35:B1000,2,0)) -> Cinta métrica 50mts (fibra de vidrio) | C35: 3
A36: P-33 | B36: =IFERROR(VLOOKUP(A36,'PAÑOL TÉCNICO'!A36:B1000,2,0)) -> Caja de herrramientas para autolevador | C36: 3
A37: P-34 | B37: =IFERROR(VLOOKUP(A37,'PAÑOL TÉCNICO'!A37:B1000,2,0)) -> Casco de Altura | C37: 36
A38: P-35 | B38: =IFERROR(VLOOKUP(A38,'PAÑOL TÉCNICO'!A38:B1000,2,0)) -> Casco de Obra/Piso | C38: 49
A39: P-36 | B39: =IFERROR(VLOOKUP(A39,'PAÑOL TÉCNICO'!A39:B1000,2,0)) -> Curva de techo de layher | C39: 6
A40: P-37 | B40: =IFERROR(VLOOKUP(A40,'PAÑOL TÉCNICO'!A40:B1000,2,0)) -> Cono naranja | C40: 2
A41: P-38 | B41: =IFERROR(VLOOKUP(A41,'PAÑOL TÉCNICO'!A41:B1000,2,0)) -> Cinta larga | C41: 2
A42: P-39 | B42: =IFERROR(VLOOKUP(A42,'PAÑOL TÉCNICO'!A42:B1000,2,0)) -> Cajón vacío | C42: 0
A43: P-40 | B43: =IFERROR(VLOOKUP(A43,'PAÑOL TÉCNICO'!A43:B1000,2,0)) -> Caladora | C43: 1
A44: P-41 | B44: =IFERROR(VLOOKUP(A44,'PAÑOL TÉCNICO'!A44:B1000,2,0)) -> Capa de lluvia (usada)
A45: P-42 | B45: =IFERROR(VLOOKUP(A45,'PAÑOL TÉCNICO'!A45:B1000,2,0)) -> Capa de lluvia (nuevas) | C45: 13
A46: P-43 | B46: =IFERROR(VLOOKUP(A46,'PAÑOL TÉCNICO'!A46:B1000,2,0)) -> Cutter | C46: 5
A47: P-44 | B47: =IFERROR(VLOOKUP(A47,'PAÑOL TÉCNICO'!A47:B1000,2,0)) -> Central de alarma AT3000 | C47: 1
A48: P-45 | B48: =IFERROR(VLOOKUP(A48,'PAÑOL TÉCNICO'!A48:B1000,2,0)) -> Cinta métrica de 8 mts | C48: 6
A49: P-46 | B49: =IFERROR(VLOOKUP(A49,'PAÑOL TÉCNICO'!A49:B1000,2,0)) -> Caja de herramientas | C49: 2
A50: P-47 | B50: =IFERROR(VLOOKUP(A50,'PAÑOL TÉCNICO'!A50:B1000,2,0)) -> Criquet | C50: 5
A51: P-48 | B51: =IFERROR(VLOOKUP(A51,'PAÑOL TÉCNICO'!A51:B1000,2,0)) -> Clavija | C51: 7
A52: P-49 | B52: =IFERROR(VLOOKUP(A52,'PAÑOL TÉCNICO'!A52:B1000,2,0)) -> Colita de chancho | C52: 183
A53: P-50 | B53: =IFERROR(VLOOKUP(A53,'PAÑOL TÉCNICO'!A53:B1000,2,0)) -> Cerradura | C53: 1
A54: P-51 | B54: =IFERROR(VLOOKUP(A54,'PAÑOL TÉCNICO'!A54:B1000,2,0)) -> Caja de tornillos philip 10x2" x 500 u | C54: 4
A55: P-52 | B55: =IFERROR(VLOOKUP(A55,'PAÑOL TÉCNICO'!A55:B1000,2,0)) -> Cola de Mono | C55: 1
A56: P-53 | B56: =IFERROR(VLOOKUP(A56,'PAÑOL TÉCNICO'!A56:B1000,2,0)) -> Caja de 10000 u tornillos negros | C56: 3
A57: P-54 | B57: =IFERROR(VLOOKUP(A57,'PAÑOL TÉCNICO'!A57:B1000,2,0)) -> Disco para cocina | C57: 1
A58: P-55 | B58: =IFERROR(VLOOKUP(A58,'PAÑOL TÉCNICO'!A58:B1000,2,0)) -> Destornillador philip | C58: 3
A59: P-56 | B59: =IFERROR(VLOOKUP(A59,'PAÑOL TÉCNICO'!A59:B1000,2,0)) -> Destornillador plano | C59: 3
A60: P-57 | B60: =IFERROR(VLOOKUP(A60,'PAÑOL TÉCNICO'!A60:B1000,2,0)) -> Escalera 4/5 peldaños | C60: 1
A61: P-58 | B61: =IFERROR(VLOOKUP(A61,'PAÑOL TÉCNICO'!A61:B1000,2,0)) -> Enganche carro | C61: 5
A62: P-59 | B62: =IFERROR(VLOOKUP(A62,'PAÑOL TÉCNICO'!A62:B1000,2,0)) -> Engrampadora | C62: 4
A63: P-60 | B63: =IFERROR(VLOOKUP(A63,'PAÑOL TÉCNICO'!A63:B1000,2,0)) -> Espatula | C63: 4
A64: P-61 | B64: =IFERROR(VLOOKUP(A64,'PAÑOL TÉCNICO'!A64:B1000,2,0)) -> Enganche tipo bocha | C64: 2
A65: P-62 | B65: =IFERROR(VLOOKUP(A65,'PAÑOL TÉCNICO'!A65:B1000,2,0)) -> Escalon de escenario | C65: 3
A66: P-63 | B66: =IFERROR(VLOOKUP(A66,'PAÑOL TÉCNICO'!A66:B1000,2,0)) -> Flota flota | C66: 4
A67: P-64 | B67: =IFERROR(VLOOKUP(A67,'PAÑOL TÉCNICO'!A67:B1000,2,0)) -> Funda azul | C67: 1
A68: P-65 | B68: =IFERROR(VLOOKUP(A68,'PAÑOL TÉCNICO'!A68:B1000,2,0)) -> Guía de techo | C68: 1
A69: P-66 | B69: =IFERROR(VLOOKUP(A69,'PAÑOL TÉCNICO'!A69:B1000,2,0)) -> Grillete spanser | C69: 36
A70: P-67 | B70: =IFERROR(VLOOKUP(A70,'PAÑOL TÉCNICO'!A70:B1000,2,0)) -> Gancho para rachet | C70: 26
A71: P-68 | B71: =IFERROR(VLOOKUP(A71,'PAÑOL TÉCNICO'!A71:B1000,2,0)) -> Goma para guía de techo | C71: 6
A72: P-69 | B72: =IFERROR(VLOOKUP(A72,'PAÑOL TÉCNICO'!A72:B1000,2,0)) -> Gancho completo para auto | C72: 2
A73: P-70 | B73: =IFERROR(VLOOKUP(A73,'PAÑOL TÉCNICO'!A73:B1000,2,0)) -> Grasera chica | C73: 1
A74: P-71 | B74: =IFERROR(VLOOKUP(A74,'PAÑOL TÉCNICO'!A74:B1000,2,0)) -> Gazebo completo | C74: 2
A75: P-72 | B75: =IFERROR(VLOOKUP(A75,'PAÑOL TÉCNICO'!A75:B1000,2,0)) -> Hornito portable gas | C75: 0
A76: P-73 | B76: =IFERROR(VLOOKUP(A76,'PAÑOL TÉCNICO'!A76:B1000,2,0)) -> Jabalina | C76: 44
A77: P-74 | B77: =IFERROR(VLOOKUP(A77,'PAÑOL TÉCNICO'!A77:B1000,2,0)) -> Llave de 1-1/8 | C77: 1
A78: P-75 | B78: =IFERROR(VLOOKUP(A78,'PAÑOL TÉCNICO'!A78:B1000,2,0)) -> Llave de 22 | C78: 9
A79: P-76 | B79: =IFERROR(VLOOKUP(A79,'PAÑOL TÉCNICO'!A79:B1000,2,0)) -> Llave de 19 | C79: 6
A80: P-77 | B80: =IFERROR(VLOOKUP(A80,'PAÑOL TÉCNICO'!A80:B1000,2,0)) -> Llave de 14 | C80: 9
A81: P-78 | B81: =IFERROR(VLOOKUP(A81,'PAÑOL TÉCNICO'!A81:B1000,2,0)) -> Llave de 13 | C81: 11
A82: P-79 | B82: =IFERROR(VLOOKUP(A82,'PAÑOL TÉCNICO'!A82:B1000,2,0)) -> Llave de 23 | C82: 1
A83: P-80 | B83: =IFERROR(VLOOKUP(A83,'PAÑOL TÉCNICO'!A83:B1000,2,0)) -> Llave de 7 | C83: 1
A84: P-81 | B84: =IFERROR(VLOOKUP(A84,'PAÑOL TÉCNICO'!A84:B1000,2,0)) -> Llave de 17 | C84: 1
A85: P-82 | B85: =IFERROR(VLOOKUP(A85,'PAÑOL TÉCNICO'!A85:B1000,2,0)) -> Llave inglesa | C85: 1
A86: P-83 | B86: =IFERROR(VLOOKUP(A86,'PAÑOL TÉCNICO'!A86:B1000,2,0)) -> Llave inglesa (rota) | C86: 1
A87: P-84 | B87: =IFERROR(VLOOKUP(A87,'PAÑOL TÉCNICO'!A87:B1000,2,0)) -> Lingas sin gancho | C87: 34
A88: P-85 | B88: =IFERROR(VLOOKUP(A88,'PAÑOL TÉCNICO'!A88:B1000,2,0)) -> Lingas de acero | C88: 26
A89: P-86 | B89: =IFERROR(VLOOKUP(A89,'PAÑOL TÉCNICO'!A89:B1000,2,0)) -> Lija grande del 60 | C89: 48
A90: P-87 | B90: =IFERROR(VLOOKUP(A90,'PAÑOL TÉCNICO'!A90:B1000,2,0)) -> Lingas con gancho | C90: 101
A91: P-88 | B91: =IFERROR(VLOOKUP(A91,'PAÑOL TÉCNICO'!A91:B1000,2,0)) -> Linga de acero | C91: 29
A92: P-89 | B92: =IFERROR(VLOOKUP(A92,'PAÑOL TÉCNICO'!A92:B1000,2,0)) -> Latex interior "Negro" 20 L (Pintacrem) | C92: 8
A93: P-90 | B93: =IFERROR(VLOOKUP(A93,'PAÑOL TÉCNICO'!A93:B1000,2,0)) -> Llave allen 6 mm | C93: 1
A94: P-91 | B94: =IFERROR(VLOOKUP(A94,'PAÑOL TÉCNICO'!A94:B1000,2,0)) -> Llave allen 8 mm | C94: 1
A95: P-92 | B95: =IFERROR(VLOOKUP(A95,'PAÑOL TÉCNICO'!A95:B1000,2,0)) -> Llave allen 5 mm | C95: 1
A96: P-93 | B96: =IFERROR(VLOOKUP(A96,'PAÑOL TÉCNICO'!A96:B1000,2,0)) -> Mascara protectora p/vía respiratoria (1 cartucho) | C96: 1
A97: P-94 | B97: =IFERROR(VLOOKUP(A97,'PAÑOL TÉCNICO'!A97:B1000,2,0)) -> Mascara protectora p/vía respiratoria (2 cartuchos) | C97: 2
A98: P-95 | B98: =IFERROR(VLOOKUP(A98,'PAÑOL TÉCNICO'!A98:B1000,2,0)) -> Mecha con piedra pome | C98: 1
A99: P-96 | B99: =IFERROR(VLOOKUP(A99,'PAÑOL TÉCNICO'!A99:B1000,2,0)) -> Mecha copa | C99: 1
A100: P-97 | B100: =IFERROR(VLOOKUP(A100,'PAÑOL TÉCNICO'!A100:B1000,2,0)) -> Mecha para metal de 4cm | C100: 1
A101: P-98 | B101: =IFERROR(VLOOKUP(A101,'PAÑOL TÉCNICO'!A101:B1000,2,0)) -> Mosquetón | C101: 8
...

Sheet SALIDAS
B1: SALIDAS
A3: Código | B3: Descripción | C3: Cantidad | D3: Observación | E3: N° Pañol
A4: P-1 | B4: =IFERROR(VLOOKUP(A4,'PAÑOL TÉCNICO'!A4:B1000,2,0)) -> Alicate | C4: =SUMIF(DIARIOS!D:D,A4,DIARIOS!F:F) -> 0
A5: P-2 | B5: =IFERROR(VLOOKUP(A5,'PAÑOL TÉCNICO'!A5:B1000,2,0)) -> Arnes con cola de mono | C5: =SUMIF(DIARIOS!D:D,A5,DIARIOS!F:F) -> 0
A6: P-3 | B6: =IFERROR(VLOOKUP(A6,'PAÑOL TÉCNICO'!A6:B1000,2,0)) -> Arnes sin cola de mono | C6: =SUMIF(DIARIOS!D:D,A6,DIARIOS!F:F) -> 0
A7: P-4 | B7: =IFERROR(VLOOKUP(A7,'PAÑOL TÉCNICO'!A7:B1000,2,0)) -> Anteojo dual transparente Libus | C7: =SUMIF(DIARIOS!D:D,A7,DIARIOS!F:F) -> 1
A8: P-5 | B8: =IFERROR(VLOOKUP(A8,'PAÑOL TÉCNICO'!A8:B1000,2,0)) -> Anteojo de protección | C8: =SUMIF(DIARIOS!D:D,A8,DIARIOS!F:F) -> 0
A9: P-6 | B9: =IFERROR(VLOOKUP(A9,'PAÑOL TÉCNICO'!A9:B1000,2,0)) -> Atornilladora inalámbrica DeWalt (amarilla) | C9: =SUMIF(DIARIOS!D:D,A9,DIARIOS!F:F) -> 0
A10: P-7 | B10: =IFERROR(VLOOKUP(A10,'PAÑOL TÉCNICO'!A10:B1000,2,0)) -> Atornilladora inalámbrica Hamilton (naranja) | C10: =SUMIF(DIARIOS!D:D,A10,DIARIOS!F:F) -> 0
A11: P-8 | B11: =IFERROR(VLOOKUP(A11,'PAÑOL TÉCNICO'!A11:B1000,2,0)) -> Abrazadera p/tubo | C11: =SUMIF(DIARIOS!D:D,A11,DIARIOS!F:F) -> 0
A12: P-9 | B12: =IFERROR(VLOOKUP(A12,'PAÑOL TÉCNICO'!A12:B1000,2,0)) -> Adaptador | C12: =SUMIF(DIARIOS!D:D,A12,DIARIOS!F:F) -> 0
A13: P-10 | B13: =IFERROR(VLOOKUP(A13,'PAÑOL TÉCNICO'!A13:B1000,2,0)) -> Angulo para estantería | C13: =SUMIF(DIARIOS!D:D,A13,DIARIOS!F:F) -> 0
A14: P-11 | B14: =IFERROR(VLOOKUP(A14,'PAÑOL TÉCNICO'!A14:B1000,2,0)) -> Arandela | C14: =SUMIF(DIARIOS!D:D,A14,DIARIOS!F:F) -> 0
A15: P-12 | B15: =IFERROR(VLOOKUP(A15,'PAÑOL TÉCNICO'!A15:B1000,2,0)) -> Arandela grande | C15: =SUMIF(DIARIOS!D:D,A15,DIARIOS!F:F) -> 0
A16: P-13 | B16: =IFERROR(VLOOKUP(A16,'PAÑOL TÉCNICO'!A16:B1000,2,0)) -> Aspiradora pequeña | C16: =SUMIF(DIARIOS!D:D,A16,DIARIOS!F:F) -> 0
A17: P-14 | B17: =IFERROR(VLOOKUP(A17,'PAÑOL TÉCNICO'!A17:B1000,2,0)) -> Bandera argentina | C17: =SUMIF(DIARIOS!D:D,A17,DIARIOS!F:F) -> 0
A18: P-15 | B18: =IFERROR(VLOOKUP(A18,'PAÑOL TÉCNICO'!A18:B1000,2,0)) -> Bidon vacío cortado | C18: =SUMIF(DIARIOS!D:D,A18,DIARIOS!F:F) -> 0
A19: P-16 | B19: =IFERROR(VLOOKUP(A19,'PAÑOL TÉCNICO'!A19:B1000,2,0)) -> Batería ultimate 12V 1.5 AMP Hamilton (Máquina chica) | C19: =SUMIF(DIARIOS!D:D,A19,DIARIOS!F:F) -> 0
A20: P-17 | B20: =IFERROR(VLOOKUP(A20,'PAÑOL TÉCNICO'!A20:B1000,2,0)) -> Bidon vacío sin cortar | C20: =SUMIF(DIARIOS!D:D,A20,DIARIOS!F:F) -> 0
A21: P-18 | B21: =IFERROR(VLOOKUP(A21,'PAÑOL TÉCNICO'!A21:B1000,2,0)) -> Bolsa de tornillos autoperforante punta fisher 8x12" x 400u | C21: =SUMIF(DIARIOS!D:D,A21,DIARIOS!F:F) -> 0
A22: P-19 | B22: =IFERROR(VLOOKUP(A22,'PAÑOL TÉCNICO'!A22:B1000,2,0)) -> Bolsa de tornillos autoperforante punta fisher x 250u | C22: =SUMIF(DIARIOS!D:D,A22,DIARIOS!F:F) -> 0
A23: P-20 | B23: =IFERROR(VLOOKUP(A23,'PAÑOL TÉCNICO'!A23:B1000,2,0)) -> Bomba centrífuga | C23: =SUMIF(DIARIOS!D:D,A23,DIARIOS!F:F) -> 0
A24: P-21 | B24: =IFERROR(VLOOKUP(A24,'PAÑOL TÉCNICO'!A24:B1000,2,0)) -> Par de botas de lluvia | C24: =SUMIF(DIARIOS!D:D,A24,DIARIOS!F:F) -> 0
A25: P-22 | B25: =IFERROR(VLOOKUP(A25,'PAÑOL TÉCNICO'!A25:B1000,2,0)) -> Bulón de techo | C25: =SUMIF(DIARIOS!D:D,A25,DIARIOS!F:F) -> 0
A26: P-23 | B26: =IFERROR(VLOOKUP(A26,'PAÑOL TÉCNICO'!A26:B1000,2,0)) -> Bulones de techo de tramo | C26: =SUMIF(DIARIOS!D:D,A26,DIARIOS!F:F) -> 0
A27: P-24 | B27: =IFERROR(VLOOKUP(A27,'PAÑOL TÉCNICO'!A27:B1000,2,0)) -> Bulones de techo de tramo pequeños | C27: =SUMIF(DIARIOS!D:D,A27,DIARIOS!F:F) -> 0
A28: P-25 | B28: =IFERROR(VLOOKUP(A28,'PAÑOL TÉCNICO'!A28:B1000,2,0)) -> Bulón grande de unión para techo | C28: =SUMIF(DIARIOS!D:D,A28,DIARIOS!F:F) -> 0
A29: P-26 | B29: =IFERROR(VLOOKUP(A29,'PAÑOL TÉCNICO'!A29:B1000,2,0)) -> Bulón de unión para techo | C29: =SUMIF(DIARIOS!D:D,A29,DIARIOS!F:F) -> 0
A30: P-27 | B30: =IFERROR(VLOOKUP(A30,'PAÑOL TÉCNICO'!A30:B1000,2,0)) -> Cable puente para batería reforzado (Taos) | C30: =SUMIF(DIARIOS!D:D,A30,DIARIOS!F:F) -> 0
A31: P-28 | B31: =IFERROR(VLOOKUP(A31,'PAÑOL TÉCNICO'!A31:B1000,2,0)) -> Chaleco refractario | C31: =SUMIF(DIARIOS!D:D,A31,DIARIOS!F:F) -> 0
A32: P-29 | B32: =IFERROR(VLOOKUP(A32,'PAÑOL TÉCNICO'!A32:B1000,2,0)) -> Cable acerado | C32: =SUMIF(DIARIOS!D:D,A32,DIARIOS!F:F) -> 0
A33: P-30 | B33: =IFERROR(VLOOKUP(A33,'PAÑOL TÉCNICO'!A33:B1000,2,0)) -> Cargador de batería ultimate 12v Hamilton (Máquina chica) | C33: =SUMIF(DIARIOS!D:D,A33,DIARIOS!F:F) -> 0
A34: P-31 | B34: =IFERROR(VLOOKUP(A34,'PAÑOL TÉCNICO'!A34:B1000,2,0)) -> Cadena | C34: =SUMIF(DIARIOS!D:D,A34,DIARIOS!F:F) -> 0
A35: P-32 | B35: =IFERROR(VLOOKUP(A35,'PAÑOL TÉCNICO'!A35:B1000,2,0)) -> Cinta métrica 50mts (fibra de vidrio) | C35: =SUMIF(DIARIOS!D:D,A35,DIARIOS!F:F) -> 0
A36: P-33 | B36: =IFERROR(VLOOKUP(A36,'PAÑOL TÉCNICO'!A36:B1000,2,0)) -> Caja de herrramientas para autolevador | C36: =SUMIF(DIARIOS!D:D,A36,DIARIOS!F:F) -> 0
A37: P-34 | B37: =IFERROR(VLOOKUP(A37,'PAÑOL TÉCNICO'!A37:B1000,2,0)) -> Casco de Altura | C37: =SUMIF(DIARIOS!D:D,A37,DIARIOS!F:F) -> 0
A38: P-35 | B38: =IFERROR(VLOOKUP(A38,'PAÑOL TÉCNICO'!A38:B1000,2,0)) -> Casco de Obra/Piso | C38: =SUMIF(DIARIOS!D:D,A38,DIARIOS!F:F) -> 0
A39: P-36 | B39: =IFERROR(VLOOKUP(A39,'PAÑOL TÉCNICO'!A39:B1000,2,0)) -> Curva de techo de layher | C39: =SUMIF(DIARIOS!D:D,A39,DIARIOS!F:F) -> 0
A40: P-37 | B40: =IFERROR(VLOOKUP(A40,'PAÑOL TÉCNICO'!A40:B1000,2,0)) -> Cono naranja | C40: =SUMIF(DIARIOS!D:D,A40,DIARIOS!F:F) -> 0
A41: P-38 | B41: =IFERROR(VLOOKUP(A41,'PAÑOL TÉCNICO'!A41:B1000,2,0)) -> Cinta larga | C41: =SUMIF(DIARIOS!D:D,A41,DIARIOS!F:F) -> 0
A42: P-39 | B42: =IFERROR(VLOOKUP(A42,'PAÑOL TÉCNICO'!A42:B1000,2,0)) -> Cajón vacío | C42: =SUMIF(DIARIOS!D:D,A42,DIARIOS!F:F) -> 0
A43: P-40 | B43: =IFERROR(VLOOKUP(A43,'PAÑOL TÉCNICO'!A43:B1000,2,0)) -> Caladora | C43: =SUMIF(DIARIOS!D:D,A43,DIARIOS!F:F) -> 0
A44: P-41 | B44: =IFERROR(VLOOKUP(A44,'PAÑOL TÉCNICO'!A44:B1000,2,0)) -> Capa de lluvia (usada) | C44: =SUMIF(DIARIOS!D:D,A44,DIARIOS!F:F) -> 0
A45: P-42 | B45: =IFERROR(VLOOKUP(A45,'PAÑOL TÉCNICO'!A45:B1000,2,0)) -> Capa de lluvia (nuevas) | C45: =SUMIF(DIARIOS!D:D,A45,DIARIOS!F:F) -> 0
A46: P-43 | B46: =IFERROR(VLOOKUP(A46,'PAÑOL TÉCNICO'!A46:B1000,2,0)) -> Cutter | C46: =SUMIF(DIARIOS!D:D,A46,DIARIOS!F:F) -> 0
A47: P-44 | B47: =IFERROR(VLOOKUP(A47,'PAÑOL TÉCNICO'!A47:B1000,2,0)) -> Central de alarma AT3000 | C47: =SUMIF(DIARIOS!D:D,A47,DIARIOS!F:F) -> 0
A48: P-45 | B48: =IFERROR(VLOOKUP(A48,'PAÑOL TÉCNICO'!A48:B1000,2,0)) -> Cinta métrica de 8 mts | C48: =SUMIF(DIARIOS!D:D,A48,DIARIOS!F:F) -> 1
A49: P-46 | B49: =IFERROR(VLOOKUP(A49,'PAÑOL TÉCNICO'!A49:B1000,2,0)) -> Caja de herramientas | C49: =SUMIF(DIARIOS!D:D,A49,DIARIOS!F:F) -> 0
A50: P-47 | B50: =IFERROR(VLOOKUP(A50,'PAÑOL TÉCNICO'!A50:B1000,2,0)) -> Criquet | C50: =SUMIF(DIARIOS!D:D,A50,DIARIOS!F:F) -> 0
A51: P-48 | B51: =IFERROR(VLOOKUP(A51,'PAÑOL TÉCNICO'!A51:B1000,2,0)) -> Clavija | C51: =SUMIF(DIARIOS!D:D,A51,DIARIOS!F:F) -> 0
A52: P-49 | B52: =IFERROR(VLOOKUP(A52,'PAÑOL TÉCNICO'!A52:B1000,2,0)) -> Colita de chancho | C52: =SUMIF(DIARIOS!D:D,A52,DIARIOS!F:F) -> 0
A53: P-50 | B53: =IFERROR(VLOOKUP(A53,'PAÑOL TÉCNICO'!A53:B1000,2,0)) -> Cerradura | C53: =SUMIF(DIARIOS!D:D,A53,DIARIOS!F:F) -> 0
A54: P-51 | B54: =IFERROR(VLOOKUP(A54,'PAÑOL TÉCNICO'!A54:B1000,2,0)) -> Caja de tornillos philip 10x2" x 500 u | C54: =SUMIF(DIARIOS!D:D,A54,DIARIOS!F:F) -> 0
A55: P-52 | B55: =IFERROR(VLOOKUP(A55,'PAÑOL TÉCNICO'!A55:B1000,2,0)) -> Cola de Mono | C55: =SUMIF(DIARIOS!D:D,A55,DIARIOS!F:F) -> 0
A56: P-53 | B56: =IFERROR(VLOOKUP(A56,'PAÑOL TÉCNICO'!A56:B1000,2,0)) -> Caja de 10000 u tornillos negros | C56: =SUMIF(DIARIOS!D:D,A56,DIARIOS!F:F) -> 0
A57: P-54 | B57: =IFERROR(VLOOKUP(A57,'PAÑOL TÉCNICO'!A57:B1000,2,0)) -> Disco para cocina | C57: =SUMIF(DIARIOS!D:D,A57,DIARIOS!F:F) -> 0
A58: P-55 | B58: =IFERROR(VLOOKUP(A58,'PAÑOL TÉCNICO'!A58:B1000,2,0)) -> Destornillador philip | C58: =SUMIF(DIARIOS!D:D,A58,DIARIOS!F:F) -> 0
A59: P-56 | B59: =IFERROR(VLOOKUP(A59,'PAÑOL TÉCNICO'!A59:B1000,2,0)) -> Destornillador plano | C59: =SUMIF(DIARIOS!D:D,A59,DIARIOS!F:F) -> 0
A60: P-57 | B60: =IFERROR(VLOOKUP(A60,'PAÑOL TÉCNICO'!A60:B1000,2,0)) -> Escalera 4/5 peldaños | C60: =SUMIF(DIARIOS!D:D,A60,DIARIOS!F:F) -> 0
A61: P-58 | B61: =IFERROR(VLOOKUP(A61,'PAÑOL TÉCNICO'!A61:B1000,2,0)) -> Enganche carro | C61: =SUMIF(DIARIOS!D:D,A61,DIARIOS!F:F) -> 0
A62: P-59 | B62: =IFERROR(VLOOKUP(A62,'PAÑOL TÉCNICO'!A62:B1000,2,0)) -> Engrampadora | C62: =SUMIF(DIARIOS!D:D,A62,DIARIOS!F:F) -> 0
A63: P-60 | B63: =IFERROR(VLOOKUP(A63,'PAÑOL TÉCNICO'!A63:B1000,2,0)) -> Espatula | C63: =SUMIF(DIARIOS!D:D,A63,DIARIOS!F:F) -> 0
A64: P-61 | B64: =IFERROR(VLOOKUP(A64,'PAÑOL TÉCNICO'!A64:B1000,2,0)) -> Enganche tipo bocha | C64: =SUMIF(DIARIOS!D:D,A64,DIARIOS!F:F) -> 0
A65: P-62 | B65: =IFERROR(VLOOKUP(A65,'PAÑOL TÉCNICO'!A65:B1000,2,0)) -> Escalon de escenario | C65: =SUMIF(DIARIOS!D:D,A65,DIARIOS!F:F) -> 0
A66: P-63 | B66: =IFERROR(VLOOKUP(A66,'PAÑOL TÉCNICO'!A66:B1000,2,0)) -> Flota flota | C66: =SUMIF(DIARIOS!D:D,A66,DIARIOS!F:F) -> 0
A67: P-64 | B67: =IFERROR(VLOOKUP(A67,'PAÑOL TÉCNICO'!A67:B1000,2,0)) -> Funda azul | C67: =SUMIF(DIARIOS!D:D,A67,DIARIOS!F:F) -> 0
A68: P-65 | B68: =IFERROR(VLOOKUP(A68,'PAÑOL TÉCNICO'!A68:B1000,2,0)) -> Guía de techo | C68: =SUMIF(DIARIOS!D:D,A68,DIARIOS!F:F) -> 0
A69: P-66 | B69: =IFERROR(VLOOKUP(A69,'PAÑOL TÉCNICO'!A69:B1000,2,0)) -> Grillete spanser | C69: =SUMIF(DIARIOS!D:D,A69,DIARIOS!F:F) -> 0
A70: P-67 | B70: =IFERROR(VLOOKUP(A70,'PAÑOL TÉCNICO'!A70:B1000,2,0)) -> Gancho para rachet | C70: =SUMIF(DIARIOS!D:D,A70,DIARIOS!F:F) -> 0
A71: P-68 | B71: =IFERROR(VLOOKUP(A71,'PAÑOL TÉCNICO'!A71:B1000,2,0)) -> Goma para guía de techo | C71: =SUMIF(DIARIOS!D:D,A71,DIARIOS!F:F) -> 0
A72: P-69 | B72: =IFERROR(VLOOKUP(A72,'PAÑOL TÉCNICO'!A72:B1000,2,0)) -> Gancho completo para auto | C72: =SUMIF(DIARIOS!D:D,A72,DIARIOS!F:F) -> 0
A73: P-70 | B73: =IFERROR(VLOOKUP(A73,'PAÑOL TÉCNICO'!A73:B1000,2,0)) -> Grasera chica | C73: =SUMIF(DIARIOS!D:D,A73,DIARIOS!F:F) -> 0
A74: P-71 | B74: =IFERROR(VLOOKUP(A74,'PAÑOL TÉCNICO'!A74:B1000,2,0)) -> Gazebo completo | C74: =SUMIF(DIARIOS!D:D,A74,DIARIOS!F:F) -> 0
A75: P-72 | B75: =IFERROR(VLOOKUP(A75,'PAÑOL TÉCNICO'!A75:B1000,2,0)) -> Hornito portable gas | C75: =SUMIF(DIARIOS!D:D,A75,DIARIOS!F:F) -> 0
A76: P-73 | B76: =IFERROR(VLOOKUP(A76,'PAÑOL TÉCNICO'!A76:B1000,2,0)) -> Jabalina | C76: =SUMIF(DIARIOS!D:D,A76,DIARIOS!F:F) -> 0
A77: P-74 | B77: =IFERROR(VLOOKUP(A77,'PAÑOL TÉCNICO'!A77:B1000,2,0)) -> Llave de 1-1/8 | C77: =SUMIF(DIARIOS!D:D,A77,DIARIOS!F:F) -> 0
A78: P-75 | B78: =IFERROR(VLOOKUP(A78,'PAÑOL TÉCNICO'!A78:B1000,2,0)) -> Llave de 22 | C78: =SUMIF(DIARIOS!D:D,A78,DIARIOS!F:F) -> 0
A79: P-76 | B79: =IFERROR(VLOOKUP(A79,'PAÑOL TÉCNICO'!A79:B1000,2,0)) -> Llave de 19 | C79: =SUMIF(DIARIOS!D:D,A79,DIARIOS!F:F) -> 0
A80: P-77 | B80: =IFERROR(VLOOKUP(A80,'PAÑOL TÉCNICO'!A80:B1000,2,0)) -> Llave de 14 | C80: =SUMIF(DIARIOS!D:D,A80,DIARIOS!F:F) -> 0
A81: P-78 | B81: =IFERROR(VLOOKUP(A81,'PAÑOL TÉCNICO'!A81:B1000,2,0)) -> Llave de 13 | C81: =SUMIF(DIARIOS!D:D,A81,DIARIOS!F:F) -> 0
A82: P-79 | B82: =IFERROR(VLOOKUP(A82,'PAÑOL TÉCNICO'!A82:B1000,2,0)) -> Llave de 23 | C82: =SUMIF(DIARIOS!D:D,A82,DIARIOS!F:F) -> 0
A83: P-80 | B83: =IFERROR(VLOOKUP(A83,'PAÑOL TÉCNICO'!A83:B1000,2,0)) -> Llave de 7 | C83: =SUMIF(DIARIOS!D:D,A83,DIARIOS!F:F) -> 0
A84: P-81 | B84: =IFERROR(VLOOKUP(A84,'PAÑOL TÉCNICO'!A84:B1000,2,0)) -> Llave de 17 | C84: =SUMIF(DIARIOS!D:D,A84,DIARIOS!F:F) -> 0
A85: P-82 | B85: =IFERROR(VLOOKUP(A85,'PAÑOL TÉCNICO'!A85:B1000,2,0)) -> Llave inglesa | C85: =SUMIF(DIARIOS!D:D,A85,DIARIOS!F:F) -> 0
A86: P-83 | B86: =IFERROR(VLOOKUP(A86,'PAÑOL TÉCNICO'!A86:B1000,2,0)) -> Llave inglesa (rota) | C86: =SUMIF(DIARIOS!D:D,A86,DIARIOS!F:F) -> 0
A87: P-84 | B87: =IFERROR(VLOOKUP(A87,'PAÑOL TÉCNICO'!A87:B1000,2,0)) -> Lingas sin gancho | C87: =SUMIF(DIARIOS!D:D,A87,DIARIOS!F:F) -> 0
A88: P-85 | B88: =IFERROR(VLOOKUP(A88,'PAÑOL TÉCNICO'!A88:B1000,2,0)) -> Lingas de acero | C88: =SUMIF(DIARIOS!D:D,A88,DIARIOS!F:F) -> 0
A89: P-86 | B89: =IFERROR(VLOOKUP(A89,'PAÑOL TÉCNICO'!A89:B1000,2,0)) -> Lija grande del 60 | C89: =SUMIF(DIARIOS!D:D,A89,DIARIOS!F:F) -> 0
A90: P-87 | B90: =IFERROR(VLOOKUP(A90,'PAÑOL TÉCNICO'!A90:B1000,2,0)) -> Lingas con gancho | C90: =SUMIF(DIARIOS!D:D,A90,DIARIOS!F:F) -> 0
A91: P-88 | B91: =IFERROR(VLOOKUP(A91,'PAÑOL TÉCNICO'!A91:B1000,2,0)) -> Linga de acero | C91: =SUMIF(DIARIOS!D:D,A91,DIARIOS!F:F) -> 0
A92: P-89 | B92: =IFERROR(VLOOKUP(A92,'PAÑOL TÉCNICO'!A92:B1000,2,0)) -> Latex interior "Negro" 20 L (Pintacrem) | C92: =SUMIF(DIARIOS!D:D,A92,DIARIOS!F:F) -> 0
A93: P-90 | B93: =IFERROR(VLOOKUP(A93,'PAÑOL TÉCNICO'!A93:B1000,2,0)) -> Llave allen 6 mm | C93: =SUMIF(DIARIOS!D:D,A93,DIARIOS!F:F) -> 0
A94: P-91 | B94: =IFERROR(VLOOKUP(A94,'PAÑOL TÉCNICO'!A94:B1000,2,0)) -> Llave allen 8 mm | C94: =SUMIF(DIARIOS!D:D,A94,DIARIOS!F:F) -> 0
A95: P-92 | B95: =IFERROR(VLOOKUP(A95,'PAÑOL TÉCNICO'!A95:B1000,2,0)) -> Llave allen 5 mm | C95: =SUMIF(DIARIOS!D:D,A95,DIARIOS!F:F) -> 0
A96: P-93 | B96: =IFERROR(VLOOKUP(A96,'PAÑOL TÉCNICO'!A96:B1000,2,0)) -> Mascara protectora p/vía respiratoria (1 cartucho) | C96: =SUMIF(DIARIOS!D:D,A96,DIARIOS!F:F) -> 0
A97: P-94 | B97: =IFERROR(VLOOKUP(A97,'PAÑOL TÉCNICO'!A97:B1000,2,0)) -> Mascara protectora p/vía respiratoria (2 cartuchos) | C97: =SUMIF(DIARIOS!D:D,A97,DIARIOS!F:F) -> 0
A98: P-95 | B98: =IFERROR(VLOOKUP(A98,'PAÑOL TÉCNICO'!A98:B1000,2,0)) -> Mecha con piedra pome | C98: =SUMIF(DIARIOS!D:D,A98,DIARIOS!F:F) -> 0
A99: P-96 | B99: =IFERROR(VLOOKUP(A99,'PAÑOL TÉCNICO'!A99:B1000,2,0)) -> Mecha copa | C99: =SUMIF(DIARIOS!D:D,A99,DIARIOS!F:F) -> 0
A100: P-97 | B100: =IFERROR(VLOOKUP(A100,'PAÑOL TÉCNICO'!A100:B1000,2,0)) -> Mecha para metal de 4cm | C100: =SUMIF(DIARIOS!D:D,A100,DIARIOS!F:F) -> 0
A101: P-98 | B101: =IFERROR(VLOOKUP(A101,'PAÑOL TÉCNICO'!A101:B1000,2,0)) -> Mosquetón | C101: =SUMIF(DIARIOS!D:D,A101,DIARIOS!F:F) -> 0
...

Sheet DIARIOS
A1: CDF | B1: DIARIO
A3: Fecha de retiro | B3: Responsable | C3: Retirado por | D3: Codigo Producto | E3: Descripción | F3: Cant | G3: Destino | H3: Fecha de devolución | I3: Observación
A4: 45138 | B4: Furia | C4: Furia | D4: P-6 | E4: =IFERROR(VLOOKUP(D4,'PAÑOL TÉCNICO'!A4:B1000,2,0)) -> Atornilladora inalámbrica DeWalt (amarilla) | F4: 0 | G4: Jesús María | H4: 45148
A5: 45138 | B5: Furia | C5: Furia | D5: P-205 | E5: Soga con gancho (23mts) (Rafa) | F5: 0 | G5: Jesús María | H5: 45148
A6: 45138 | B6: Furia | C6: Furia | D6: P-206 | E6: Soga con gancho (25mts) (Rafa) | F6: 0 | G6: Jesús María | H6: 45148
A7: 45138 | B7: Furia | C7: Furia | D7: P-35 | E7: Casco de Obra/Piso | F7: 0 | G7: Jesús María | H7: 45148
A8: 45138 | B8: Furia | C8: Furia | D8: P-149 | E8: Rachet 3mts. | F8: 0 | G8: Jesús María | H8: 45146
A9: 45138 | B9: Furia | C9: Furia | D9: P-150 | E9: Rachet 1mts. | F9: 0 | G9: Jesús María | H9: 45146
A10: 45138 | B10: Furia | C10: Furia | D10: P-207 | E10: Conservadora roja | F10: 0 | G10: Jesús María | H10: 45146
A11: 45138 | B11: Furia | C11: Furia | D11: P-32 | E11: Cinta métrica 50mts (fibra de vidrio) | F11: 0 | G11: Jesús María | H11: LA TIENE MARIO
A12: 45138 | B12: Furia | C12: Furia | D12: P-49 | E12: Colita de chancho | F12: 0 | G12: Jesús María
A13: 45139 | B13: Furia | C13: Furia | D13: P-148 | E13: Rachet 9mts. | F13: 0 | G13: Jesús María | H13: 45148
A14: 45141 | B14: Furia | C14: Furia | D14: P-166 | E14: Sierra circular | F14: 0 | G14: Jesús María | H14: 45145
A15: 45141 | B15: Furia | C15: Furia | D15: P-129 | E15: Prolongación 20mts | F15: 0 | G15: Jesús María | H15: 45145
A16: 45141 | B16: Furia | C16: Furia | D16: P-150 | E16: Rachet 1mts. | F16: 0 | G16: Jesús María | H16: 45148
A17: 45141 | B17: Furia | C17: Furia | D17: P-34 | E17: Casco de Altura | F17: 0 | G17: Jesús María | H17: 45148
A18: 45141 | B18: Furia | C18: Furia | D18: P-2 | E18: Arnes con cola de mono | F18: 0 | G18: Jesús María | H18: 45148
A19: 45141 | B19: Furia | C19: Furia | D19: P-175 | E19: Sogin negro | F19: 0 | G19: Jesús María
A20: 45141 | B20: Furia | C20: Furia | D20: P-149 | E20: Rachet 3mts. | F20: 0 | G20: Jesús María | H20: 45148
A21: 45142 | B21: Furia | C21: Furia | D21: P-150 | E21: Rachet 1mts. | F21: 0 | G21: Jesús María | H21: 45145
A22: 45142 | B22: Furia | C22: Furia | D22: P-148 | E22: Rachet 9mts. | F22: 0 | G22: Jesús María | H22: 45148
A23: 45142 | B23: Furia | C23: Furia | D23: P-177 | E23: Soga | F23: 0 | G23: Jesús María | H23: 45148
A24: 45142 | B24: Furia | C24: Furia | D24: P-119 | E24: Nivel de mano regular | F24: 0 | G24: Jesús María
A25: 45142 | B25: Furia | C25: Furia | D25: P-100 | E25: Masa p/estaca de 1mts (naranja) | F25: 0 | G25: Jesús María | H25: 45145
A26: 45142 | B26: Furia | C26: Furia | D26: P-225 | E26: Tubo 17 | F26: 0 | G26: Jesús María | H26: 45148
A27: 45142 | B27: Furia | C27: Furia | D27: P-191 | E27: Tornillo autoperforante cabeza philip (suelto) | F27: 30 | G27: Jesús María | H27: 45148
A28: 45142 | B28: Furia | C28: Furia | D28: P-27 | E28: Cable puente para batería reforzado (Taos) | F28: 0 | G28: Jesús María | H28: 45145
A29: 45142 | B29: Furia | C29: Furia | D29: P-121 | E29: Nudo con pin | F29: 0 | G29: Jesús María | H29: 45146
A30: 45145 | B30: Furia | C30: Furia | D30: P-34 | E30: Casco de altura | F30: 0 | G30: Jesús María | H30: 45148
A31: 45145 | B31: Furia | C31: Furia | D31: P-3 | E31: Arnes sin cola de mono | F31: 0 | G31: Jesús María | H31: 45148
A32: 45141 | B32: Mario López + Veck Salerno | C32: Mario López + Veck Salerno | D32: P-2 | E32: Arnes con cola de mono | F32: 0 | G32: Kempes | I32: FALTA UNA COLA DE MONO
A33: 45141 | B33: Mario López + Veck Salerno | C33: Mario López + Veck Salerno | D33: P-34 | E33: Casco de altura | F33: 0 | G33: Kempes
A34: 45141 | B34: Mario López + Veck Salerno | C34: Mario López + Veck Salerno | D34: P-149 | E34: Rachet 3mts. | F34: 0 | G34: Kempes | H34: 45148
A35: 45142 | B35: Mario López + Veck Salerno | C35: Mario López + Veck Salerno | D35: P-189 | E35: Tenaza | F35: 0 | G35: Kempes | H35: 45145
A36: 45141 | B36: Mario López + Veck Salerno | C36: Mario López + Veck Salerno | D36: P-6 | E36: Atornilladora inalámbrica DeWalt (amarilla) | F36: 0 | G36: Kempes | H36: 45148
A37: 45142 | B37: Mario López + Veck Salerno | C37: Mario López + Veck Salerno | D37: P-43 | E37: Cutter | F37: 0 | G37: Kempes | H37: 45145
A38: 45142 | B38: Mario López + Veck Salerno | C38: Mario López + Veck Salerno | D38: P-148 | E38: Rachet 9mts. | F38: 0 | G38: Kempes | H38: 45148
A39: 45142 | B39: Mario López + Veck Salerno | C39: Mario López + Veck Salerno | D39: P-46 | E39: Caja de herramientas | F39: 0 | G39: Kempes | H39: 45148
A40: 45142 | B40: Mario López + Veck Salerno | C40: Mario López + Veck Salerno | D40: P-71 | E40: Gazebo completo | F40: 0 | G40: Kempes | H40: 45145
A41: 45142 | B41: Mario López + Veck Salerno | C41: Mario López + Veck Salerno | D41: P-1 | E41: Alicate | F41: 0 | G41: Kempes | H41: 45148
A42: 45142 | B42: Mario López + Veck Salerno | C42: Mario López + Veck Salerno | D42: P-59 | E42: Engrampadora | F42: 0 | G42: Kempes | H42: 45145
A43: 45145 | B43: Mario López + Veck Salerno | C43: Mario López + Veck Salerno | D43: P-149 | E43: Rachet 3 mts. | F43: 0 | G43: Kempes | H43: 45148
A44: 45145 | B44: Mario López + Veck Salerno | C44: Mario López + Veck Salerno | D44: P-207 | E44: Conservadora roja | F44: 0 | G44: Kempes | H44: 45148
A45: 45145 | B45: Mario López + Veck Salerno | C45: Mario López + Veck Salerno | D45: P-28 | E45: Chaleco refractario | F45: 0 | G45: Plaza San Martín | H45: LO TIENE MARIO
A46: 45145 | B46: Mario López + Veck Salerno | C46: Mario López + Veck Salerno | D46: P-204 | E46: Zapatilla eléctrica | F46: 0 | G46: Plaza San Martín | H46: 45148
A47: 45145 | B47: Mario López + Veck Salerno | C47: Mario López + Veck Salerno | D47: P-1 | E47: Alicate | F47: 0 | G47: Plaza San Martín | H47: 45148
A48: 45145 | B48: Mario López + Veck Salerno | C48: Mario López + Veck Salerno | D48: P-129 | E48: Prolongación 20mts | F48: 0 | G48: Plaza San Martín | H48: 45148
A49: 45145 | B49: Mario López + Veck Salerno | C49: Mario López + Veck Salerno | D49: P-166 | E49: Sierra circular | F49: 0 | G49: Plaza San Martín | H49: 45148
A50: 45145 | B50: Mario López + Veck Salerno | C50: Mario López + Veck Salerno | D50: P-77 | E50: Llave de 14 | F50: 0 | G50: Plaza San Martín | H50: 45148
A51: 45145 | B51: Mario López + Veck Salerno | C51: Mario López + Veck Salerno | D51: P-82 | E51: Llave inglesa | F51: 0 | G51: Plaza San Martín | H51: 45148
A52: 45145 | B52: Mario López + Veck Salerno | C52: Mario López + Veck Salerno | D52: P-43 | E52: Cutter | F52: 0 | G52: Plaza San Martín
A53: 45145 | B53: Mario López + Veck Salerno | C53: Mario López + Veck Salerno | D53: P-71 | E53: Gazebo completo | F53: 0 | G53: Plaza San Martín
A54: 45145 | B54: Mario López + Veck Salerno | C54: Mario López + Veck Salerno | D54: P-59 | E54: Engrampadora | F54: 0 | G54: Plaza San Martín | H54: 45148
A55: 45145 | B55: Mario López + Veck Salerno | C55: Mario López + Veck Salerno | D55: P-189 | E55: Tenaza | F55: 0 | G55: Plaza San Martín | H55: 45148
A56: 45145 | B56: Mario López + Veck Salerno | C56: Mario López + Veck Salerno | D56: P-6 | E56: Atornilladora inalámbrica DeWalt (amarilla) | F56: 0 | G56: Plaza San Martín
A57: 45145 | B57: Mario López + Veck Salerno | C57: Mario López + Veck Salerno | D57: P-207 | E57: Conservadora roja | F57: 0 | G57: Plaza San Martín
A58: 45145 | B58: Mario López + Veck Salerno | C58: Mario López + Veck Salerno | D58: P-208 | E58: Casco de altura roto | F58: 0 | G58: Plaza San Martín
A59: 45145 | B59: Mario López + Veck Salerno | C59: Mario López + Veck Salerno | D59: P-148 | E59: Rachet 9mts. | F59: 0 | G59: Plaza San Martín | H59: 45148
A60: 45145 | B60: Mario López + Veck Salerno | C60: Mario López + Veck Salerno | D60: P-112 | E60: Máquina p/rachet | F60: 0 | G60: Plaza San Martín | H60: 45148
A62: 45149 | B62: - | C62: Fausto | D62: P-58 | E62: Enganche carro | F62: 0 | G62: Casa de Pollo
A63: 45149 | B63: - | C63: Fernando pez | D63: P-149 | E63: Rachet 3mts. | F63: 0 | G63: Galpon
A64: 45149 | B64: - | C64: Gonzalo | D64: P-129 | E64: Prolongación 20mts | F64: 0 | G64: Galpon
A65: 45149 | B65: - | C65: Gonzalo | D65: P-4 | E65: Anteojo dual transparente libus | F65: 0 | G65: Galpon
A66: 45149 | B66: - | C66: Jona | D66: P-60 | E66: Espatula | F66: 0 | G66: Galpon
A67: 45149 | B67: - | C67: Patricio | D67: P-4 | E67: Anteojo dual transparente libus | F67: 0 | G67: Galpon
A68: 45149 | B68: - | C68: Gonzalo | D68: P-166 | E68: Sierra circular | F68: 0 | G68: Galpon
A69: 45149 | B69: - | C69: Maxi | D69: P-4 | E69: Anteojo dual transparente libus | F69: 0 | G69: Galpon 2
A70: 45149 | B70: - | C70: Gonzalo | D70: P-129 | E70: Prolongación 20mts | F70: 0 | G70: Galpon
A71: 45149 | B71: - | C71: Patricio | D71: P-147 | E71: Remachadora neumatica | F71: 0 | G71: Galpon
A72: 45149 | B72: - | C72: Fausto | D72: P-189 | E72: Tenaza | F72: 0 | G72: Casa de Pollo
A73: 45149 | B73: - | C73: Fausto | D73: P-6 | E73: Atornilladora inalámbrica DeWalt (amarilla) | F73: 0 | G73: Casa de Pollo
... A81: 45149 | B81: - | C81: Gonzalo | D81: P-5 | E81: Anteojo de proteccion | F81: 0 | G81: Galpon
A82: 45149 | B82: - | C82: Patricio | D82: P-6 | E82: =IFERROR(VLOOKUP(D82,'PAÑOL TÉCNICO'!A3:B1000,2,0)) -> Atornilladora inalámbrica DeWalt (amarilla) | F82: 0 | G82: Galpon
A83: 45149 | B83: - | C83: Pollo | D83: P-207 | E83: =IFERROR(VLOOKUP(D83,'PAÑOL TÉCNICO'!A4:B1000,2,0)) -> Conservadora roja | F83: 0 | G83: Casa de Pollo
A85: 45150 | B85: - | C85: Fernando pez | D85: P-204 | E85: =IFERROR(VLOOKUP(D85,'PAÑOL TÉCNICO'!A5:B1000,2,0)) -> Zapatilla eléctrica | F85: 1 | G85: Oficina galpon
A86: 45150 | B86: - | C86: Fausto | D86: P-6 | E86: =IFERROR(VLOOKUP(D86,'PAÑOL TÉCNICO'!A6:B1000,2,0)) -> Atornilladora inalámbrica DeWalt (amarilla) | F86: 0 | G86: Evento autos
A88: 45146 | B88: - | C88: Enjoy | D88: P-207 | E88: =IFERROR(VLOOKUP(D88,'PAÑOL TÉCNICO'!A7:B1000,2,0)) -> Conservadora roja | F88: 0 | G88: Entre rios
A89: 45146 | B89: - | C89: Enjoy | D89: P-177 | E89: =IFERROR(VLOOKUP(D89,'PAÑOL TÉCNICO'!A8:B1000,2,0)) -> Soga | F89: 0 | G89: Entre rios
A90: 45146 | B90: - | C90: Enjoy | D90: P-150 | E90: =IFERROR(VLOOKUP(D90,'PAÑOL TÉCNICO'!A9:B1000,2,0)) -> Rachet 1mts. | F90: 0 | G90: Entre rios
A91: 45146 | B91: - | C91: Enjoy | D91: P-148 | E91: =IFERROR(VLOOKUP(D91,'PAÑOL TÉCNICO'!A10:B1000,2,0)) -> Rachet 9mts. | F91: 0 | G91: Entre rios
A93: 45152 | B93: - | C93: Gonzalo | D93: P-45 | E93: =IFERROR(VLOOKUP(D93,'PAÑOL TÉCNICO'!A11:B1000,2,0)) -> Cinta métrica de 8 mts | F93: 0 | G93: Galpon
A94: 45152 | B94: - | C94: Nestor | D94: P-58 | E94: =IFERROR(VLOOKUP(D94,'PAÑOL TÉCNICO'!A12:B1000,2,0)) -> Enganche carro | F94: 0 | G94: Malvinas
A95: 45152 | B95: - | C95: Gonzalo | D95: P-166 | E95: =IFERROR(VLOOKUP(D95,'PAÑOL TÉCNICO'!A13:B1000,2,0)) -> Sierra circular | F95: 0 | G95: Galpon
A96: 45152 | B96: - | C96: Elias | D96: P-148 | E96: =IFERROR(VLOOKUP(D96,'PAÑOL TÉCNICO'!A14:B1000,2,0)) -> Rachet 9mts. | F96: 0 | G96: Giraudo
A97: 45152 | B97: - | C97: Isaias | D97: P-150 | E97: =IFERROR(VLOOKUP(D97,'PAÑOL TÉCNICO'!A15:B1000,2,0)) -> Rachet 1mts. | F97: 0 | G97: Uso personal
A98: 45152 | B98: - | C98: Patricio | D98: P-189 | E98: =IFERROR(VLOOKUP(D98,'PAÑOL TÉCNICO'!A16:B1000,2,0)) -> Tenaza | F98: 0 | G98: Galpon
A99: 45152 | B99: - | C99: Nestor | D99: P-6 | E99: Atornilladora inalámbrica DeWalt (amarilla) | F99: 0 | G99: Malvinas
A100: 45152 | B100: - | C100: Nestor | D100: P-59 | E100: =IFERROR(VLOOKUP(D100,'PAÑOL TÉCNICO'!A18:B1000,2,0)) -> Engrampadora | F100: 0 | G100: Malvinas
A101: 45152 | B101: - | C101: Jona | D101: P-56 | E101: =IFERROR(VLOOKUP(D101,'PAÑOL TÉCNICO'!A19:B1000,2,0)) -> Destornillador plano | F101: 0 | G101: Galpon
A103: 45153 | B103: - | C103: Enzo | D103: P-148 | E103: Rachet 9mts. | F103: 0 | G103: Kempes
A104: 45153 | B104: - | C104: Enzo | D104: P-58 | E104: =IFERROR(VLOOKUP(D104,'PAÑOL TÉCNICO'!A21:B1000,2,0)) -> Enganche carro | F104: 0 | G104: Kempes
A105: 45153 | B105: - | C105: Uriel | D105: P-133 | E105: =IFERROR(VLOOKUP(D105,'PAÑOL TÉCNICO'!A22:B1000,2,0)) -> Pistola infladora | F105: 0 | G105: Galpón
A106: 45153 | B106: - | C106: Fernando pez | D106: P-236 | E106: =IFERROR(VLOOKUP(D106,'PAÑOL TÉCNICO'!A23:B1000,2,0)) -> Hidrolavadora | F106: 0 | G106: Arreglo
A107: 45153 | B107: - | C107: Matías | D107: P-189 | E107: =IFERROR(VLOOKUP(D107,'PAÑOL TÉCNICO'!A24:B1000,2,0)) -> Tenaza | F107: 0 | G107: Galpón
A108: 45153 | B108: - | C108: Uriel | D108: P-6 | E108: Atornilladora inalámbrica DeWalt (amarilla) | F108: 0 | G108: Galpón
A109: 45153 | B109: - | C109: Nahuel | D109: P-237 | E109: =IFERROR(VLOOKUP(D109,'PAÑOL TÉCNICO'!A26:B1000,2,0)) -> Aspiradora | F109: 0 | G109: Galpón
A110: 45153 | B110: - | C110: Nahuel | D110: P-129 | E110: =IFERROR(VLOOKUP(D110,'PAÑOL TÉCNICO'!A27:B1000,2,0)) -> Prolongación 20mts | F110: 0 | G110: Galpón
A111: 45153 | B111: - | C111: Jona | D111: P-60 | E111: =IFERROR(VLOOKUP(D111,'PAÑOL TÉCNICO'!A28:B1000,2,0)) -> Espatula | F111: 0 | G111: Galpón
A112: 45153 | B112: - | C112: Furia | D112: P-234 | E112: =IFERROR(VLOOKUP(D112,'PAÑOL TÉCNICO'!A29:B1000,2,0)) -> Amoladora inalámbrica | F112: 0 | G112: Escuela - Ecopunto
A113: 45153 | B113: - | C113: Miguel | D113: P-130 | E113: =IFERROR(VLOOKUP(D113,'PAÑOL TÉCNICO'!A30:B1000,2,0)) -> Prolongación 14/15mts | F113: 0 | G113: Galpón
...

Sheet COMPRAS
B1: compras
A3: Fecha de ingreso | B3: Descripción | C3: Cantidad | D3: N° de comprobante | E3: Observación | F3: N° Pañol
A4: 45135 | B4: latas de pintura gris espacial por 20l | C4: 15 | D4: F 1376
A5: 45143 | B5: gunates moteados blancos | C5: 48 | D5: R 15561
A6: 45143 | B6: guantes de nitrilo descartables | C6: 300 | D6: R 15561
A7: 45143 | B7: papel higienico chico | C7: 18 | D7: R 15561
A8: 45146 | B8: Blister repuesto cutter | C8: 2 | D8: S/F
A9: 45146 | B9: Cinta ducktape negra 3M | C9: 6 | D9: S/F
A10: 45146 | B10: Caja de grampa 5/16 | C10: 10 | D10: S/F
A11: 45146 | B11: 1900g Arandela plana | C11: 500 | D11: S/F
A12: 45146 | B12: Pack de bolsas 90x120 (10u) | C12: 10 | D12: S/F
A13: 45146 | B13: Detergente lavavajillas x 5L | C13: 1 | D13: S/F
A14: 45146 | B14: Lavandina x 5L | C14: 4 | D14: S/F
A15: 45146 | B15: Rachet completo 9mts | C15: 20 | D15: S/F
... A29: 45169 | B29: Llave 24 | C29: 2 | D29: R 00015711

Sheet hoja para borrar
B1: EVENTOS
A3: Fecha de retiro | B3: Responsable del evento | C3: Codigo Producto | D3: Descripción | E3: Cant | F3: Evento | G3: Fecha de devolución | H3: Observación
A4: 45138 | B4: furia | D4: alambre por kilo | E4: 1 | F4: jesus maria
A5: 45138 | B5: furia | D5: sogas con gancho 23 | E5: 1 | F5: jesus maria
A6: 45138 | B6: furia | D6: soga con gancho 25 | E6: 1 | F6: jesus maria
A7: 45138 | B7: furia | D7: arneces | E7: 20 | F7: jesus maria
A8: 45138 | B8: furia | D8: cinta metrica 50mts | E8: 1 | F8: jesus maria
A9: 45138 | B9: furia | D9: colitas de chancho | E9: 178 | F9: jesus maria
A10: 45139 | B10: furia | D10: paquetes de precintos | E10: 6 | F10: jesus maria
A11: 45139 | B11: furia | D11: guantes moteados | E11: 12 | F11: jesus maria
A12: 45141 | B12: furia | D12: rachet 1mts | E12: 2 | F12: jesus maria
A13: 45141 | B13: furia | D13: alambre por kilo | E13: 1 | F13: jesus maria
A14: 45141 | B14: furia | D14: arneces nuevos | E14: 4 | F14: jesus maria
A15: 45141 | B15: furia | D15: soguines varios | E15: 30 | F15: jesus maria
... A19: 45142 | B19: furia | D19: soga 27mts | E19: 1 | F19: jesus maria
A20: 45142 | B20: furia | D20: rocetas moviles | E20: 12 | F20: jesus maria | G20: 45146
A21: 45142 | B21: furia | D21: guantes moteados | E21: 12 | F21: jesus maria
A22: 45142 | B22: furia | D22: nivel de mano hammilton | E22: 1 | F22: jesus maria
A23: 45142 | B23: furia | D23: lubicante en aerosol | E23: 1 | F23: jesus maria | G23: 45145
A24: 45142 | B24: furia | D24: brocas para free | E24: 40 | F24: jesus maria | G24: 45145 | H24: volvieron 9
A25: 45142 | B25: furia | D25: tubo 17 para criquet | E25: 1 | F25: jesus maria
A26: 45142 | B26: furia | D26: autoperforante aleta | E26: 30 | F26: jesus maria
A27: 45142 | B27: furia | D27: precintos | E27: 4 | F27: jesus maria | G27: 45146
A29: 45141 | B29: mario y veck | D29: arneces | E29: 16 | F29: kempes
A30: 45141 | B30: mario y veck | D30: cascos | E30: 16 | F30: kempes
A31: 45141 | B31: mario y veck | D31: guantes moteados | E31: 30 | F31: kempes | G31: 45145 | H31: volvieron 10
A32: 45141 | B32: mario y veck | D32: rachet 3mts | E32: 12 | F32: kempes
A33: 45141 | B33: mario y veck | D33: atornilladora 1 bateria | E33: 2 | F33: kempes
A34: 45141 | B34: mario y veck | D34: tornillos madera (mover las cajas a descartables) | E34: 2000 | F34: kempes
A35: 45142 | B35: mario y veck | D35: hojas tricheta | E35: 1 | F35: kempes
A36: 45142 | B36: mario y veck | D36: rachet 9mts | E36: 4 | F36: kempes
A37: 45142 | B37: mario y veck | D37: caja de herramientas | E37: 1 | F37: kempes
A38: 45142 | B38: mario y veck | D38: candado con llave | E38: 1 | F38: kempes
A39: 45142 | B39: mario y veck | D39: alambre por kilo | E39: 1 | F39: kempes
A40: 45142 | B40: mario y veck | D40: cinta papel negra | E40: 2 | F40: kempes
A41: 45142 | B41: mario y veck | D41: rollo de tanza | E41: 1 | F41: kempes | G41: 45145
A42: 45142 | B42: mario y veck | D42: aerosol verde | E42: 1 | F42: kempes | G42: 45145
A43: 45142 | B43: mario y veck | D43: tinner | E43: 2 | F43: kempes | G43: 45145
A44: 45142 | B44: mario y veck | D44: cinta de embalar | E44: 3 | F44: kempes | G44: 45145
A45: 45142 | B45: mario y veck | D45: alicate | E45: 1 | F45: kempes
A46: 45142 | B46: mario y veck | D46: rachet 3mts | E46: 4 | F46: kempes
A47: 45142 | B47: mario y veck | D47: conservadora | E47: 1 | F47: kempes
A49: 45145 | B49: mario y veck | D49: chalecos reflectivos | E49: 13 | F49: plaza san martin
A50: 45145 | B50: mario y veck | D50: zapatillas | E50: 2 | F50: plaza san martin
A51: 45145 | B51: mario y veck | D51: precintos | E51: 8 | F51: plaza san martin
A52: 45145 | B52: mario y veck | D52: cinta de peligro | E52: 4 | F52: plaza san martin
A53: 45145 | B53: mario y veck | D53: cajas grampas | E53: 4 | F53: plaza san martin
A54: 45145 | B54: mario y veck | D54: trapo de piso | E54: 4 | F54: plaza san martin
A55: 45145 | B55: mario y veck | D55: alambre por kilo | E55: 1 | F55: plaza san martin
A56: 45145 | B56: mario y veck | D56: alicate | E56: 1 | F56: plaza san martin
A57: 45145 | B57: mario y veck | D57: alargue 20mts | E57: 2 | F57: plaza san martin
... A71: 45145 | B71: mario y veck | D71: escoba | E71: 1 | F71: plaza san martin
A72: 45145 | B72: mario y veck | D72: palo de piso | E72: 3 | F72: plaza san martin | G72: 45148
A73: 45145 | B73: mario y veck | D73: tenaza | E73: 1 | F73: plaza san martin
A74: 45145 | B74: mario y veck | D74: arnes | E74: 12 | F74: plaza san martin
A75: 45145 | B75: mario y veck | D75: papel higienico | E75: 2 | F75: plaza san martin
A76: 45145 | B76: mario y veck | D76: bolsas de basura | E76: 5 | F76: plaza san martin
A77: 45145 | B77: mario y veck | D77: atornilladora | E77: 2 | F77: plaza san martin
A78: 45145 | B78: mario y veck | D78: tinner | E78: 2 | F78: plaza san martin
A79: 45145 | B79: mario y veck | D79: cinta de embalar | E79: 3 | F79: plaza san martin
A80: 45145 | B80: mario y veck | D80: palos para rodillos | E80: 4 | F80: plaza san martin
A81: 45145 | B81: mario y veck | D81: conservadora | E81: 1 | F81: plaza san martin
A82: 45145 | B82: mario y veck | D82: casco altura roto | E82: 1 | F82: plaza san martin
A83: 45145 | B83: mario y veck | D83: bolsas de basura por unidad | E83: 2 | F83: plaza san martin
A84: 45145 | B84: mario y veck | D84: rachet 9mts | E84: 1 | F84: plaza san martin

Sheet Hoja 3
A1: F | B1: PAÑOL TÉCNICO
A3: Codigo Producto | B3: Descripción | C3: Existencia
C4: Total | D4: Pañol | E4: Evento | F4: Observación | G4: N° Pañol | H4: CHECK 22/1
A5: P-1 | B5: Alicate | C5: 3 | D5: 1 | E5: 2 | F5: 2 kempes,1 aleman no devolvio | H5: 1
A6: P-2 | B6: Arnes con cola de mono | C6: 40 | D6: 0 | E6: 40 | F6: 15 kempes, 3 fausto,14 depo
A7: P-3 | B7: Arnes sin cola de mono | C7: 12 | D7: 0 | E7: 12 | F7: 0
A8: P-4 | B8: Anteojo dual transparente Libus | C8: 4 | D8: 1 | E8: 3 | F8: 1
A9: P-5 | B9: Anteojo de protección | C9: 7 | D9: 0 | E9: 7 | F9: 63
A10: P-6 | B10: Atornilladora inalámbrica DeWalt (amarilla) | C10: 5 | D10: 0 | E10: 5 | F10: 2 depo, 2 kempes,1 fausto
A11: P-7 | B11: Atornilladora inalámbrica Hamilton (naranja) | C11: 1 | D11: 0 | E11: 1 | F11: 1
A12: P-8 | B12: Abrazadera p/tubo | C12: 3 | D12: 0 | E12: 3 | F12: 3
A13: P-9 | B13: Adaptador | C13: 2 | D13: 0 | E13: 2 | F13: 0
A14: P-10 | B14: Angulo para estantería | C14: 6 | D14: 0 | E14: 6 | F14: 6
A15: P-11 | B15: Arandela | C15: 530 | D15: 0 | E15: 530
A16: P-12 | B16: Arandela grande | C16: 206 | D16: 0 | E16: 206
A17: P-13 | B17: Aspiradora pequeña | C17: 1 | D17: 0 | E17: 1 | F17: 1 | H17: 1
A18: P-14 | B18: Bandera argentina | C18: 18 | D18: 0 | E18: 18
A19: P-15 | B19: Bidon vacío cortado | C19: 3 | D19: 0 | E19: 3 | F19: 1
A20: P-16 | B20: Batería ultimate 12V 1.5 AMP Hamilton (Máquina chica) | C20: 1 | D20: 0 | E20: 1 | F20: 2
A21: P-17 | B21: Bidon vacío sin cortar | C21: 7 | D21: 0 | E21: 7 | F21: 7
A22: P-18 | B22: Bolsa de tornillos autoperforante punta fisher 8x12" x 400u | C22: 2 | D22: 0 | E22: 2
A23: P-19 | B23: Bolsa de tornillos autoperforante punta fisher x 250u | C23: 3 | D23: 0 | E23: 3
A24: P-20 | B24: Bomba centrífuga | C24: 1 | D24: 0 | E24: 1
A25: P-21 | B25: Par de botas de lluvia | C25: 11 | D25: 0 | E25: 11 | F25: 11 | H25: 13
A26: P-22 | B26: Bulón de techo | C26: 61 | D26: 0 | E26: 61
A27: P-23 | B27: Bulones de techo de tramo | C27: 275 | D27: 0 | E27: 275
A28: P-24 | B28: Bulones de techo de tramo pequeños | C28: 101 | D28: 0 | E28: 101
A29: P-25 | B29: Bulón grande de unión para techo | C29: 2 | D29: 0 | E29: 2
A30: P-26 | B30: Bulón de unión para techo | C30: 71 | D30: 0 | E30: 71
A31: P-27 | B31: Cable puente para batería reforzado (Taos) | C31: 4 | D31: 0 | E31: 4 | F31: 3 Y 1 TALLER MEC | H31: 3
A32: P-28 | B32: Chaleco refractario | C32: 13 | D32: 0 | E32: 13 | F32: 13 kempes
A33: P-29 | B33: Cable acerado | C33: 1 | D33: 0 | E33: 1 | H33: 1
A34: P-30 | B34: Cargador de batería ultimate 12v Hamilton (Máquina chica) | C34: 1 | D34: 0 | E34: 1 | F34: 1
A35: P-31 | B35: Cadena | C35: 8 | D35: 0 | E35: 8
A36: P-32 | B36: Cinta métrica 50mts (fibra de vidrio) | C36: 3 | D36: 0 | E36: 3 | F36: 4
A37: P-33 | B37: Caja de herrramientas para autolevador | C37: 3 | D37: 0 | E37: 3
A38: P-34 | B38: Casco de Altura | C38: 36 | D38: 0 | E38: 36 | F38: 20 DEPO,3 FAUS,20 KEMPES
A39: P-35 | B39: Casco de Obra/Piso | C39: 49 | D39: 0 | E39: 49
A40: P-36 | B40: Curva de techo de layher | C40: 6 | D40: 0 | E40: 6
A41: P-37 | B41: Cono naranja | C41: 2 | D41: 0 | E41: 2 | H41: 2
A42: P-38 | B42: Cinta larga | C42: 2 | D42: 0 | E42: 2
A43: P-39 | B43: Cajón vacío | C43: 0 | D43: 0 | E43: 0 | F43: 1
A44: P-40 | B44: Caladora | C44: 1 | D44: 0 | E44: 1
A45: P-41 | B45: Capa de lluvia (usada) | C45: 0 | D45: 0 | E45: 0 | F45: 13 KEMPES,12 DEPO
A46: P-42 | B46: Capa de lluvia (nuevas) | C46: 13 | D46: 0 | E46: 13
A47: P-43 | B47: Cutter | C47: 5 | D47: 0 | E47: 5 | F47: 7 | H47: 12
A48: P-44 | B48: Central de alarma AT3000 | C48: 1 | D48: 0 | E48: 1
A49: P-45 | B49: Cinta métrica de 8 mts | C49: 6 | D49: 1 | E49: 5
A50: P-46 | B50: Caja de herramientas | C50: 2 | D50: 0 | E50: 2 | F50: 2 KEMPES | H50: 3
A51: P-47 | B51: Criquet | C51: 5 | D51: 0 | E51: 5 | F51: 6 | H51: 3
A52: P-48 | B52: Clavija | C52: 7 | D52: 0 | E52: 7
A53: P-49 | B53: Colita de chancho | C53: 183 | D53: 0 | E53: 183
A54: P-50 | B54: Cerradura | C54: 1 | D54: 0 | E54: 1
A55: P-51 | B55: Caja de tornillos philip 10x2" x 500 u | C55: 4 | D55: 0 | E55: 4
A56: P-52 | B56: Cola de Mono | C56: 1 | D56: 0 | E56: 1
A57: P-53 | B57: Caja de 10000 u tornillos negros | C57: 3 | D57: 0 | E57: 3 | F57: 2
A58: P-54 | B58: Disco para cocina | C58: 1 | D58: 0 | E58: 1 | H58: 1
A59: P-55 | B59: Destornillador philip | C59: 3 | D59: 0 | E59: 3 | F59: 4 | H59: 3
A60: P-56 | B60: Destornillador plano | C60: 3 | D60: 0 | E60: 3 | F60: 4 | H60: 4
A61: P-57 | B61: Escalera 4/5 peldaños | C61: 1 | D61: 0 | E61: 1
A62: P-58 | B62: Enganche carro | C62: 5 | D62: 0 | E62: 5
A63: P-59 | B63: Engrampadora | C63: 4 | D63: 0 | E63: 4 | F63: 1 rota | H63: 4
A64: P-60 | B64: Espatula | C64: 4 | D64: 0 | E64: 4 | H64: 5
A65: P-61 | B65: Enganche tipo bocha | C65: 2 | D65: 0 | E65: 2
A66: P-62 | B66: Escalon de escenario | C66: 3 | D66: 0 | E66: 3
A67: P-63 | B67: Flota flota | C67: 4 | D67: 0 | E67: 4
A68: P-64 | B68: Funda azul | C68: 1 | D68: 0 | E68: 1
A69: P-65 | B69: Guía de techo | C69: 1 | D69: 0 | E69: 1
A70: P-66 | B70: Grillete spanser | C70: 36 | D70: 0 | E70: 36
A71: P-67 | B71: Gancho para rachet | C71: 26 | D71: 0 | E71: 26
A72: P-68 | B72: Goma para guía de techo | C72: 6 | D72: 0 | E72: 6
A73: P-69 | B73: Gancho completo para auto | C73: 2 | D73: 0 | E73: 2
A74: P-70 | B74: Grasera chica | C74: 1 | D74: 0 | E74: 1 | F74: TALLER
A75: P-71 | B75: Gazebo completo | C75: 2 | D75: 0 | E75: 2
A76: P-72 | B76: Hornito portable gas | C76: 0 | D76: 0 | E76: 0
A77: P-73 | B77: Jabalina | C77: 44 | D77: 0 | E77: 44
A78: P-74 | B78: Llave de 1-1/8 | C78: 1 | D78: 0 | E78: 1 | H78: 1
A79: P-75 | B79: Llave de 22 | C79: 9 | D79: 0 | E79: 9 | H79: 7
A80: P-76 | B80: Llave de 19 | C80: 6 | D80: 0 | E80: 6 | H80: 5
A81: P-77 | B81: Llave de 14 | C81: 9 | D81: 0 | E81: 9 | H81: 14
A82: P-78 | B82: Llave de 13 | C82: 11 | D82: 0 | E82: 11 | H82: 8
A83: P-79 | B83: Llave de 23 | C83: 1 | D83: 0 | E83: 1 | H83: 1
A84: P-80 | B84: Llave de 7 | C84: 1 | D84: 0 | E84: 1 | H84: 1
A85: P-81 | B85: Llave de 17 | C85: 1 | D85: 0 | E85: 1 | H85: 3
A86: P-82 | B86: Llave inglesa | C86: 1 | D86: 0 | E86: 1
A87: P-83 | B87: Llave inglesa (rota) | C87: 1 | D87: 0 | E87: 1
A88: P-84 | B88: Lingas sin gancho | C88: 34 | D88: 0 | E88: 34
A89: P-85 | B89: Lingas de acero | C89: 26 | D89: 0 | E89: 26 | F89: 22
A90: P-86 | B90: Lija grande del 60 | C90: 48 | D90: 0 | E90: 48
A91: P-87 | B91: Lingas con gancho | C91: 101 | D91: 0 | E91: 101
A92: P-88 | B92: Linga de acero | C92: 29 | D92: 0 | E92: 29 | H92: 21
A93: P-89 | B93: Latex interior "Negro" 20 L (Pintacrem) | C93: 8 | D93: 0 | E93: 8
A94: P-90 | B94: Llave allen 6 mm | C94: 1 | D94: 0 | E94: 1
A95: P-91 | B95: Llave allen 8 mm | C95: 1 | D95: 0 | E95: 1 | H95: 1
A96: P-92 | B96: Llave allen 5 mm | C96: 1 | D96: 0 | E96: 1 | H96: 1
A97: P-93 | B97: Mascara protectora p/vía respiratoria (1 cartucho) | C97: 1 | D97: 0 | E97: 1
A98: P-94 | B98: Mascara protectora p/vía respiratoria (2 cartuchos) | C98: 2 | D98: 0 | E98: 2
A99: P-95 | B99: Mecha con piedra pome | C99: 1 | D99: 0 | E99: 1 | H99: 1
A100: P-96 | B100: Mecha copa | C100: 1 | D100: 0 | E100: 1 | H100: 1
A101: P-97 | B101: Mecha para metal de 4cm | C101: 1 | D101: 0 | E101: 1
...
